name,description,url,mistral_nemo_response,llama32_response,gemma2_response
"PHOTOS - Ã€ Orange, les viticulteurs brisent des bouteilles de vin pour dÃ©noncer des prix trop bas en grande surface","Nouvelle mobilisation des producteurs de vin du Vaucluse ce lundi, contre les prix trop bas pratiquÃ©s par les grandes surfaces. Ils ont brisÃ© des bouteilles de CÃ´tes du RhÃ´ne et demandent une plus juste rÃ©munÃ©ration.",https://www.francebleu.fr/infos/agriculture-peche/photos-a-orange-les-viticulteurs-brisent-des-bouteilles-de-vin-pour-denoncer-des-prix-trop-bas-en-grande-surface-7332782,Non,Non.,Non
YouPrice renouvelle ses forfaits mobiles avec deux nouveautÃ©s,"Alors que la concurrence est acharnÃ©e dans le domaine des forfaits mobiles, YouPrice entre dans la bataille avec Ã©clat avec deux nouveaux forfaits, sur rÃ©seau mobile SFR ou Orange.",https://www.generation-nt.com/actualites/forfait-mobile-youprice-promotion-2052176,Oui,Non,Oui
"Supercalculateur dâ€™IA pour les armÃ©es franÃ§aises, technologies utilisÃ©es pour le retour de Starship, mÃ©thodes de production chez Toyota... Les cinq articles les plus lus","Retour sur les articles les plus lus ces derniers jours sur le site de L'Usine Nouvelle. Au programme : les armÃ©es franÃ§aises ont choisi Hewlett-Packard et lâ€™opÃ©rateur Orange pour leur supercalculateur dâ€™intelligence artificielle plutÃ´t qu'Atos, les cinq technos clÃ©s de SpaceX pour le retour de la fusÃ©e Starship, l'intÃ©grationÂ [â€¦]Â Lire l'article",http://www.usinenouvelle.com/article/supercalculateur-d-ia-pour-les-armees-francaises-technologies-utilisees-pour-le-retour-de-starship-methodes-de-production-chez-toyota-les-cinq-articles-les-plus-lus.N2221613,Non,Non.,Oui
Fibre optiqueÂ : le Conseil d'Ã‰tat confirme une amende record de 26Â millions d'euros pour Orange,L'Arcep impose une sanction financiÃ¨re Ã  Orange pour avoir manquÃ© Ã  ses obligations de dÃ©ploiement dans des zones oÃ¹ l'accÃ¨s au trÃ¨s haut dÃ©bit reste un enjeu majeur. Cette dÃ©cision fait suite Ã  une procÃ©dure entamÃ©e depuis 2022.,https://www.journaldunet.com/business/1535887-fibre-optique-le-conseil-d-etat-confirme-une-amende-record-de-26-millions-d-euros-pour-orange/,Oui,Non,Oui
Fibre optique: amende confirmÃ©e pour Orange pour non respect de ses engagements,"Le Conseil d'Etat a finalement confirmÃ© la sanction prise Ã  l'encontre de l'opÃ©rateur historique Orange, qui n'a pas respectÃ© ses engagements en matiÃ¨re de dÃ©ploiement de la fibre.",https://www.bfmtv.com/tech/actualites/telecoms/fibre-optique-amende-confirmee-pour-orange-pour-non-respect-de-ses-engagements_AD-202410310868.html,Oui,Non.,Oui
"Lourde amende de 26 millions d'euros pour Orange, qui n'a pas respectÃ© ses engagements en fibre optique","Le Conseil d'Ã‰tat a confirmÃ© la dÃ©cision de l'ARCEP, sanctionnant Orange pour le non-respect de ses engagements de dÃ©ploiement en fibre optique. Une amende de 26 millions d'euros a Ã©tÃ© infligÃ©e Ã  l'opÃ©rateur.",https://www.clubic.com/actualite-542312-lourde-amende-de-26-millions-d-euros-pour-orange-qui-n-a-pas-respecte-ses-engagements-en-fibre-optique.html,Oui,Non.,Oui
"Orange, la couleur incontournable de lâ€™automne",""" Orange is the new black "" ou plutÃ´t, le nouveau blanc. Loin du clichÃ© kitsch qui lui Ã©tait attribuÃ©, la nuance survitaminÃ©e a su s'Ã©riger au rang de classique incontournable. AprÃ¨s un retour fulgurant Ã  l'automne 2022, portÃ© notamment par la folie ... Visualiser la suite du diaporama sur Elle.fr",https://www.elle.fr/Deco/News-tendances/Orange-la-couleur-incontournable-de-l-automne,Non.,Non,Non
Orange : OMEA et Mastercard digitalisent les paiements en Afrique,Orange Middle East and Africa (OMEA) et Mastercard ont annoncÃ© un partenariat stratÃ©gique pour Ã©tendre l'accÃ¨s aux services financiers mobiles...,https://www.boursedirect.fr/fr/actualites/categorie/divers/orange-omea-et-mastercard-digitalisent-les-paiements-en-afrique-boursier-a3fa25221eb82b79cca052085c8df7a1f0dba7ce,Non,Non,Oui
Orange sâ€™allie Ã  Mastercard pour proposer une carte de dÃ©bit en Afrique,"Orange Middle East and Africa a annoncÃ©, mardi 29 octobre au matin, un partenariat avec le gÃ©ant amÃ©ricain Mastercard. Les titulaires de comptes Orange Money pourront obtenir une carte de dÃ©bit Mastercard associÃ©e Ã  leur compte. Le service sera lancÃ© Ã  partir de dÃ©but 2025.",https://www.agefi.fr/news/entreprises/orange-sallie-a-mastercard-pour-proposer-une-carte-de-debit-en-afrique,Oui,Non,Oui
Masterclass abonnÃ©s Midi Libre : comment Ã©viter les arnaques en ligne,"En partenariat avec Orange, Midi Libre vous invite Ã  l'atelier ""Ã‰viter les arnaques en ligne"" le Jeudi 28 novembre 2024 de 14h30 - Midi libre - St Jean de vedas",https://www.midilibre.fr/2024/10/29/masterclass-abonnes-midi-libre-comment-eviter-les-arnaques-en-ligne-12290681.php,Non,Non,Non
Les armÃ©es franÃ§aises choisissent un supercalculateur amÃ©ricain pour l'IA de dÃ©fense... sans capituler sur leur souverainetÃ©,"AssociÃ© Ã  lâ€™opÃ©rateur Orange, l'amÃ©ricain Hewlett PackardÂ livrera son supercalculateur dâ€™IA Ã  lâ€™automne prochain aux armÃ©es franÃ§aises. Si lâ€™Ã©quipement nâ€™est pas fourni par un fabricant tricolore, le ministÃ¨re prÃ©cise que le traitement des donnÃ©es confidentielles pour le besoin desÂ [â€¦]Â Lire l'article",http://www.usinenouvelle.com/article/les-armees-francaises-choisissent-un-supercalculateur-americain-pour-l-ia-de-defense-sans-capituler-sur-leur-souverainete.N2221232,Oui,Non.,Oui
"""La souverainetÃ© ne se dÃ©crÃ¨te pas"": le ministre des ArmÃ©es dÃ©fend le choix d'un supercalculateur franco-amÃ©ricain dÃ©diÃ© Ã  l'IA","Le ministÃ¨re des ArmÃ©es va s'Ã©quiper d'un supercalculateur dÃ©diÃ© Ã  l'IA commandÃ© au tandem Hewlett-Packard/Orange, dÃ©clinant l'offre du franÃ§ais Atos. ""AgacÃ©"" par les critiques sur la souverainetÃ©, SÃ©bastien Lecornu rÃ©plique aux attaques. ",https://www.bfmtv.com/economie/entreprises/defense/la-souverainete-ne-se-decrete-pas-le-ministre-des-armees-defend-le-choix-d-un-supercalculateur-franco-americain-dedie-a-l-ia_AN-202410280403.html,Non,Non.,Oui
"TempÃªte Ciaran : un an aprÃ¨s, Orange a fini de rÃ©parer les Ã©normes dÃ©gÃ¢ts en Bretagne","Un an aprÃ¨s la tempÃªte Ciaran, mais avec parfois des mois de travaux, la situation est revenue Ã  la normale en Bretagne pour les liaisons internet et tÃ©lÃ©phone. Le 2 novembre 2023 pourtant, 175.000 lignes Ã©taient hors service en Bretagne, 16.000 poteaux Ã©taient endommagÃ©s.",https://www.francebleu.fr/infos/societe/temete-ciaran-un-an-apres-orange-a-fini-de-reparer-les-enormes-degats-3556572,Non,Non,Oui
"""Un coup de grÃ¢ce""Â : que sait-on sur le supercalculateur le plus puissant dÃ©diÃ© Ã  lâ€™intelligence artificielle que construit la FranceÂ ?",Le ministÃ¨re des ArmÃ©es a notifiÃ© au groupement Hewlett Packard Enterprise/Orange la mise place du plus puissant supercalculateur classifiÃ© dÃ©diÃ© Ã  lâ€™intelligence artificielle en Europe.,https://www.ladepeche.fr/2024/10/28/un-coup-de-grace-que-sait-on-sur-le-supercalculateur-le-plus-puissant-dedie-a-lintelligence-artificielle-que-construit-la-france-12287529.php,Non,Non.,Oui
"5 faits mÃ©connus sur Orange is the new black, la sÃ©rie mythique",5 anecdotes croustillantes sur cette sÃ©rie lÃ©gendaire.,https://www.presse-citron.net/?p=630439,Non.,Non.,Non
YouPrice : un excellent forfait mobile 200 Go 5G Ã  moins de 10 â‚¬/mois et sur rÃ©seau Orange !!!,"Si vous Ãªtes Ã  la recherche d'un forfait mobile alliant une confortable enveloppe data, la 5G et un prix ultra rÃ©duit, ne cherchez plus et dÃ©couvrez le tout nouveau forfait mobile Le Pulse !",https://www.generation-nt.com/actualites/forfait-mobile-youprice-210-go-5g-pulse-2051951,Non,Non.,Oui
La France construit le plus puissant supercalculateur classifiÃ© dÃ©diÃ© Ã  lâ€™IA en Europe,Les choses se prÃ©cisent en France pour ce qui est de l'IA militaire. Le ministÃ¨re des ArmÃ©es a choisi le tandem Hewlett-Packard Entreprise/Orange pour fabriquer un supercalculateur de pointe. Celui-ci devra possÃ©der la plus importante capacitÃ© de calcul classifiÃ©e dÃ©diÃ©e Ã  lâ€™intelligence artificielle dâ€™Europe.,https://www.numerama.com/tech/1833244-la-france-construit-le-plus-puissant-supercalculateur-classifie-dedie-a-lia-en-europe.html,Non,Non.,Oui
Orange. Il a tirÃ© sur son collÃ¨gue policier municipalÂ : Â«Â Une mauvaise blagueÂ Â»,"Le 12Â octobre 2023, un policier municipal dâ€™Orange de 31 ans, Ã  lâ€™Ã©poque, est blessÃ© accidentellement lors dâ€™un exercice. Lâ€™instructeur a Ã©tÃ© jugÃ© le 24Â octobre par le tribunal correctionnel de Carpentras et condamnÃ© Ã  six mois de prison avec sursis.",https://www.ledauphine.com/faits-divers-justice/2024/10/24/il-a-tire-sur-son-collegue-policier-municipal-une-mauvaise-blague,Non,Non.,Non
Orange regagne des abonnÃ©s Livebox,La perte d'abonnÃ©s Livebox est terminÃ©e pour Orange. La fibre optique compense la dÃ©sertion des abonnÃ©s au haut dÃ©bit.,https://www.generation-nt.com/actualites/orange-livebox-mobile-resultats-france-2051887,Non,Non.,Oui
Supercalculateur pour l'IA militaire : le ministÃ¨re des ArmÃ©es choisit le tandem Hewlett-Packard et Orange,Lâ€™offre de lâ€™amÃ©ricain et du gÃ©ant franÃ§ais des tÃ©lÃ©coms a Ã©tÃ© prÃ©fÃ©rÃ©e Ã  celle du groupe informatique tricolore Atos.,https://www.lefigaro.fr/secteur/high-tech/supercalculateur-pour-l-ia-militaire-le-ministere-des-armees-choisit-le-tandem-hewlett-packard-et-orange-20241024,Oui,Non.,Oui
Supercalculateur Â« IA militaire Â» : le ministÃ¨re des ArmÃ©es a signÃ© avec HPE et Orange,"Le ContrÃ´le gÃ©nÃ©ral des armÃ©es, qui a remis son rapport au ministre SÃ©bastien Lecornu, a validÃ© la procÃ©dure contractuelle menÃ©e par la Direction interarmÃ©es des rÃ©seaux d'infrastructure et des systÃ¨mes d'information. En consÃ©quence, le ministÃ¨re a notifiÃ© au tandem Hewlett-Packard et Orange le contrat pour l'acquisition d'un supercalculateur pour le compte l'Agence ministÃ©rielle pour l'IA de dÃ©fense (AMIAD).",https://www.latribune.fr/entreprises-finance/industrie/aeronautique-defense/supercalculateur-ia-militaire-le-ministere-des-armees-a-signe-avec-hpe-et-orange-1009712.html,Oui,Non.,Oui
Haute-Savoie. Fin de lâ€™ADSL Ã  partir de 2026 : comment faire pour rester connectÃ©,"Orange va dÃ©finitivement couper son rÃ©seau de cuivre, signifiant la fin de lâ€™ADSL quâ€™importe le fournisseur dâ€™accÃ¨s, au profit de la fibre optique, mais aussi du rÃ©seau tÃ©lÃ©phonique via la prise en T. Une opÃ©ration qui sâ€™Ã©chelonnera de janvierÂ 2025 Ã  2030. PremiÃ¨re Ã©chÃ©ance pour la Haute-Savoie en 2026.",https://www.ledauphine.com/economie/2024/10/24/fin-de-l-adsl-a-partir-de-2026-comment-faire-pour-rester-connecte,Oui,Non.,Oui
"Â«Dans les tÃ©lÃ©coms, les investissements ne sont pas rentablesÂ», affirme Christel Heydemann, directrice gÃ©nÃ©rale d'Orange","Ã€ la manÅ“uvre sur la 5G, l'IA et la cybersÃ©curitÃ©, la directrice gÃ©nÃ©rale d'Orange Christel Heydemann appelle Ã  un cadre unique europÃ©en pour permettre le dÃ©veloppement des rÃ©seaux de tÃ©lÃ©coms. L'Usine NouvelleÂ â€“Â Qu'avez-vous appris des jeux Olympiques de Paris, dont Orange aÂ [â€¦]Â Lire l'article",http://www.usinenouvelle.com/article/dans-les-telecoms-les-investissements-ne-sont-pas-rentables-affirme-christel-heydemann-directrice-generale-d-orange.N2220146,Oui,Non,Oui
Orange poursuit lâ€™activation de son rÃ©seau 5G en Meurthe-et-Moselle,,https://www.lejournaldesentreprises.com/breve/orange-poursuit-lactivation-de-son-reseau-5g-en-meurthe-et-moselle-2105988,Non,Non,Oui
192.168.1.1 : accÃ©der Ã  lâ€™interface de sa box Internet facilement,"Chaque box Internet a une interface administrateur pour accÃ©der Ã  des paramÃ¨tres avancÃ©s de son rÃ©seau et sa connexion. Les modalitÃ©s d'accÃ¨s changent selon que l'on parle d'une Live d'Orange, d'une Freebox de Free, d'une Bbox de Bouygues ou d'une box SFR.",https://www.numerama.com/tech/1236354-192-168-1-1-acceder-a-linterface-de-sa-box-internet-facilement.html,Non,Non.,Non
"Â«Â Sans nous, pas de son, pas dâ€™imageÂ Â»Â : grÃ¢ce Ã  lui, les cÃ©rÃ©monies des JO ont eu du rÃ©seau tÃ©lÃ©com","Depuis son retour de Paris, il nâ€™a toujours pas atterri. Originaire de Divatte-sur-Loire (Loire-Atlantique), Damien Feuillat, ingÃ©nieur chez Orange, a pilotÃ© les opÃ©rations pour les deux cÃ©rÃ©monies dâ€™ouverture des Jeux olympiques et paralympiques. GrÃ¢ce Ã  ses Ã©quipes, les connexions au rÃ©seau ont fonctionnÃ©Â : la sÃ©curitÃ© et les shows ont pu Ãªtre assurÃ©s.",https://www.ouest-france.fr/jeux-olympiques/sans-nous-pas-de-son-pas-dimage-grace-a-lui-les-ceremonies-des-jo-ont-eu-du-reseau-telecom-9615fce6-8a31-11ef-a747-441efd5dcd49,Non.,Non.,Oui
Microsoft mise gros sur l'adoption de l'IA gÃ©nÃ©rative par les entreprises franÃ§aises,"Des agents autonomes - reposant sur l'IA gÃ©nÃ©rative - poussent de toute part et s'immiscent silencieusement dans tous les services des entreprises. C'est la nouvelle obsession de Microsoft. Mirage ou rÃ©alitÃ© ? Les premiers cas d'usage prÃ©sentÃ©s par Clarins, Doctolib, L'Institut Curie ou encore Orange semblent prometteurs. A en croireÂ [â€¦]Â Lire l'article",http://www.usinenouvelle.comhttps://www.usine-digitale.fr/article/microsoft-mise-gros-sur-l-adoption-de-l-ia-generative-par-les-entreprises-francaises.N2220945,Non.,Non.,Oui
Microsoft mise gros sur l'adoption de l'IA gÃ©nÃ©rative par les entreprises franÃ§aises,"Des agents autonomes - reposant sur l'IA gÃ©nÃ©rative - poussent de toute part et s'immiscent silencieusement dans tous les services des entreprises. C'est la nouvelle obsession de Microsoft. Mirage ou rÃ©alitÃ© ? Les premiers cas d'usage prÃ©sentÃ©s par Clarins, Doctolib, L'Institut Curie ou encore Orange semblent prometteurs.",https://www.usine-digitale.fr/article/microsoft-mise-gros-sur-l-adoption-de-l-ia-generative-par-les-entreprises-francaises.N2220945,Non,Non.,Oui
Plus de 80Â 000 clients dâ€™Orange touchÃ©s par une panne internet et tÃ©lÃ©phone dans la rÃ©gion de Lille,"Ce mardi 22Â octobre, 80Â 000Â clients de lâ€™opÃ©rateur Orange ont Ã©tÃ© touchÃ©s par une panne internet et tÃ©lÃ©phone en raison de coupures de cÃ¢bles. Le service a depuis Ã©tÃ© rÃ©tabli.",https://www.ouest-france.fr/high-tech/orange/plus-de-80-000-clients-dorange-touches-par-une-panne-internet-et-telephone-dans-la-region-de-lille-b5184db0-907b-11ef-9c0a-0d32f1fd8b7b,Non,Non.,Oui
"Orange : 80.000 personnes sans tÃ©lÃ©phone ni internet dans le Pas-de-Calais, Ã  cause dâ€™une panne","Certains services d'urgence peuvent Ãªtre perturbÃ©s, a fait savoir l'opÃ©rateur sur X, appelant les usagers Ã  rÃ©itÃ©rer leur appel ou composer le 112 en cas de problÃ¨me.",https://www.lefigaro.fr/societes/orange-80-000-personnes-sans-telephone-ni-internet-dans-le-pas-de-calais-a-cause-d-une-panne-20241022,Non,Non.,Oui
"Pas-de-CalaisÂ : Fixes, mobiles, Internet, urgencesâ€¦ Le rÃ©seau Orange en panne jusquâ€™Ã  mercredi aprÃ¨s-midi",,https://www.20minutes.fr/lille/4117005-20241022-calais-fixes-mobiles-internet-urgences-reseau-orange-panne-jusqu-mercredi-apres-midi,Non,Non.,Oui
Arras: une coupure du rÃ©seau tÃ©lÃ©phonique et internet d'Orange perturbe les communications,La prÃ©fecture du Pas-de-Calais signale ce mardi 22 octobre depuis 11 heures qu'une coupure du rÃ©seau tÃ©lÃ©phonique et internet d'Orange affecte la rÃ©gion d'Arras.,https://www.bfmtv.com/grand-lille/arras-une-coupure-du-reseau-telephonique-et-internet-d-orange-perturbe-les-communications_AN-202410220398.html,Non,Non.,Oui
YouPrice / Sosh : qui propose les meilleures offres sur le rÃ©seau mobile Orange ?,"Sosh et YouPrice sont les deux seuls opÃ©rateurs, en dehors d'Orange lui-mÃªme, Ã  utiliser le rÃ©seau Orange. Nous allons voir lequel d'entre eux offre les meilleures options.",https://www.generation-nt.com/actualites/forfait-mobile-reseau-orange-sosh-youprice-5g-2051763,Non.,Non.,Oui
"Vite fait, bien faitâ€¯: les privatisations peuvent rapporter gros","Orange, FDJ, Renault, ADP, Engie, La Poste... Lâ€™urgence impose de changer de paradigme dans la gestion des participations de lâ€™Etat",https://www.agefi.fr/news/entreprises/vite-fait-bien-fait-les-privatisations-peuvent-rapporter-gros,Non,Non.,Oui
Orange lance la nouvelle box 5G+ Home pour un internet rapide sans fibre,"Vous habitez dans une zone mal desservie par la fibre ? Vous en avez marre des dÃ©bits poussifs de l'ADSL ? Et vous souhaitez bÃ©nÃ©ficier des services d'Orange ? DÃ©couvrez la nouvelle box 5G+ Home, la solution idÃ©ale pour une connexion rapide et fiable.",https://www.generation-nt.com/actualites/box-internet-5g-bouygues-telecom-orange-5g-home-sfr-2051638,Non,Non,Oui
"La semaine prochaine, la santÃ© de l'Ã©conomie se lira dans les rÃ©sultats d'entreprises et les PMI","Les publications de L'OrÃ©al, Mercedes, Tesla, Carrefour, Renault, Accor ou encore Orange sont attendues.",https://www.agefi.fr/news/economie-marches/la-semaine-prochaine-la-sante-de-leconomie-se-lira-dans-les-resultats-dentreprises-et-les-pmi,Non,Non.,Oui
Bouygues et Orange dÃ©semparÃ©s face au forfait fracassant de cet opÃ©rateur ğŸ’¥,Vous n'Ãªtes pas pleinement satisfait par votre forfait actuel ? Vous cherchez en vain une nouvelle offre capable de rÃ©pondre le mieux Ã  vos besoins ? Voici une proposition pertinente Ã  prendre en considÃ©ration.,https://www.presse-citron.net/?p=630023,Non,Non.,Oui
"En cÃ©dant Ã  la mise en demeure d'Orange, Xavier Niel a-t-il fini de ""foutre le bordel"" ?","Entre Orange et Free, rien ne va plus. Lorsque Xavier Niel sort un livre dont la couverture s'inspire largement du logo de l'opÃ©rateur et lance un site Web parodique pour gÃ©nÃ©rer des logos similaires, Orange riposte avec une mise en demeure.",https://www.clubic.com/actualite-540917-en-cedant-a-la-mise-en-demeure-d-orange-xavier-niel-a-t-il-fini-de-foutre-le-bordel.html,Non,Non.,Oui
Xavier Niel sommÃ© par Orange dâ€™arrÃªter son gÃ©nÃ©rateur de mÃ¨mes,"Orange a mis en demeure Free aprÃ¨s que son patron, Xavier Niel, a lancÃ© un gÃ©nÃ©rateur permettant aux internautes de dÃ©cliner Ã  leur guise son fameux ""CarrÃ© Orange"" avec les mots de leur choix.  ",https://www.bfmtv.com/tech/actualites/telecoms/xavier-niel-somme-par-orange-d-arreter-son-generateur-de-memes_AV-202410180493.html,Oui,Non.,Oui
Orange met en demeure Xavier Niel et Free qui se moquent de son logo,"La couverture du livre de Xavier Niel est une parodie du logo carrÃ© d'Orange, clin d'Å“il la concurrence fÃ©roce entre Free et l'opÃ©rateur historique. Par goÃ»t de la provocation, le milliardaire a aussi crÃ©Ã© Â«Â Bordel Generator Â», un site pour crÃ©er sa propre version du logo.",https://www.numerama.com/tech/1828334-orange-met-en-demeure-xavier-niel-et-free-qui-se-moquent-de-son-logo.html,Non,Non.,Oui
Vaucluse. Quand le GIGN s'entraÃ®ne Ã  dÃ©loger des terroristes lors d'un exercice fictif de prise d'otages,"Un scÃ©nario catastrophe, digne dâ€™un film dâ€™action, se joue au cinÃ©ma Le Capitole, au Pontet. Nous sommes le matin du 17Â octobre, quand une menace sâ€™engouffre dans le bÃ¢timent. Des figurants tiennent les rÃ´les les terroristes, dâ€™autres sont dÃ©guisÃ©s en victimes couvertes dâ€™un faux sang et dâ€™autres sont lÃ  pour les neutraliser. La compagnie de gendarmerie dâ€™Avignon intervient en premiÃ¨re ligne, suivie par des effectifs du groupement de Vaucluse et des unitÃ©s dâ€™Ã©lite de lâ€™antenne GIGN (groupe dâ€™intervention de la gendarmerie nationale) dâ€™Orange.",https://www.ledauphine.com/faits-divers-justice/2024/10/18/un-exercice-avec-le-gign-digne-d-un-film-d-action-au-cinema-le-capitole,Non.,Non,Non
Vaucluse. Un mineur isolÃ© arrÃªtÃ© pour trafic de stupÃ©fiants Ã  Orange,"Ce mercredi 16Â octobre au soir, aux alentours de 20h30, lors dâ€™une opÃ©ration conjointe, les effectifs de la police municipale et de la police nationale dâ€™Orange ont interpellÃ© un individu se livrant Ã  du trafic de stupÃ©fiants.",https://www.ledauphine.com/faits-divers-justice/2024/10/17/un-mineur-isole-arrete-pour-trafic-de-stupefiants-a-orange,Non.,Non.,Non
Vaucluse. Tuerie de masse et prise dâ€™otages fictives avec le GIGN dans un cinÃ©ma,"Un exercice â€˜â€˜tuerie de masseâ€™â€™, avec une prise dâ€™otages fictive, est organisÃ© le matin du 17Â octobre, dans le cinÃ©ma Le Capitole My Cinewest au Pontet. Des unitÃ©s du groupement de gendarmerie du Vaucluse, lâ€™antenne GIGN (groupe dâ€™intervention de la gendarmerie nationale) dâ€™Orange et les pompiers y participent.",https://www.ledauphine.com/faits-divers-justice/2024/10/17/tuerie-de-masse-et-prise-d-otages-fictives-avec-le-gign-dans-un-cinema,Non,Non.,Non
VidÃ©o. Exercice â€œtuerie de masseâ€ dans un cinÃ©ma du Vaucluseâ€‰: Â«â€‰Chaque seconde est une vie de sauvÃ©eâ€‰Â»,"Un exercice â€˜â€˜tuerie de masseâ€™â€™, auquel sâ€™ajoute une prise dâ€™otages, a Ã©tÃ© organisÃ© ce jeudi 17 octobre dans le cinÃ©ma Le Capitole, au Pontet. Tout commence vers 8 heures quand un gendarme jouant le rÃ´le dâ€™un tÃ©moin compose le 17 pour signaler des cris et des tirs. Le dispositif monte en puissance avec lâ€™engagement des forces du groupement de Vaucluse puis de lâ€™antenne GIGN (groupe dâ€™intervention de la gendarmerie nationale) dâ€™Orange. Une fois le cinÃ©ma encerclÃ© et les premiers militaires Ã  lâ€™intÃ©rieur, deux hÃ©licoptÃ¨res arrivent dans le ciel avec les troupes dâ€™Ã©lite de la gendarmerie. Un â€˜â€˜terroristeâ€™â€™ est neutralisÃ©â€¦",https://www.ledauphine.com/faits-divers-justice/2024/10/17/un-exercice-tuerie-de-masse-dans-un-cinema-chaque-seconde-est-une-vie-de-sauvee,Non,Non.,Non
La filiale espagnole d'Orange continue de sâ€™allÃ©ger,MasOrange sâ€™apprÃªterait Ã  cÃ©der sa participation dans lâ€™entreprise dâ€™exploitation de rÃ©seau fibre quâ€™elle a crÃ©Ã©e en juillet avec Vodafone Espagne.,https://www.agefi.fr/news/entreprises/la-filiale-espagnole-dorange-continue-de-salleger,Oui,Non,Oui
"Avec la 5G+, les opÃ©rateurs cherchent Ã  convaincre les dÃ©Ã§us de la 5G",Free et Orange ont lancÃ© depuis plusieurs jours une 5G avec en promesse de meilleurs dÃ©bits et une latence au minimum. De quoi convaincre les abonnÃ©s?,https://www.bfmtv.com/tech/actualites/telecoms/avec-la-5g-les-operateurs-cherchent-a-convaincre-les-decus-de-la-5g_AD-202410160377.html,Non.,Non.,Oui
Sosh a discrÃ¨tement changÃ© son forfait 5G,"Sosh a fait Ã©voluer son forfait 5G. La filiale d'Orange indique toujours proposer 140 Go de donnÃ©es en 5G Ã  ses nouveaux clients, mais propose en rÃ©alitÃ© 200 Go pour le mÃªme prix en migration. Une nouvelle grille tarifaire pourrait bientÃ´t Ãªtre proposÃ©e.",https://www.numerama.com/tech/1825360-sosh-a-discretement-change-son-forfait-5g.html,Oui,Non.,Oui
"Jusqu'Ã  1 Gbit/s : la nouvelle box Orange 5G+ a tout pour sÃ©duire les naufragÃ©s de l'ADSL, mais il y a un hic...","Orange a commercialisÃ©, le 10 octobre, la nouvelle version de sa box 5G+ Home, qui permet de se passer d'une box internet traditionnelle. Si les dÃ©bits s'envolent, tout le monde ne peut pas encore en profiter, loin de lÃ .",https://www.clubic.com/actualite-540320-jusqu-a-1-gbit-s-la-nouvelle-box-orange-5g-a-tout-pour-seduire-les-naufrages-de-l-adsl-mais-il-y-a-un-hic.html,Oui,Non,Oui
Supercalculateur Â« IA militaire Â» : l'Etat prÃªt Ã  aider Atos Ã  devenir compÃ©titif,"Plus cher et moins performant sur le plan technique notamment, Atos a perdu une compÃ©tition Ã  la loyale face Ã  Hewlett-Packard et Orange, selon nos informations. En revanche, le ministÃ¨re des ArmÃ©es, conscient des lacunes rÃ©dhibitoires du groupe franÃ§ais en matiÃ¨re de supercalculateur Â« IA militaire Â» va rapidement lui proposer une feuille de route industrielle et technologique pour qu'il devienne compÃ©titif. Et donner Ã  la France, une souverainetÃ© dans ce domaine.",https://www.latribune.fr/entreprises-finance/industrie/aeronautique-defense/supercalculateur-ia-militaire-l-etat-pret-a-aider-atos-a-devenir-competitif-1008732.html,Oui,Non.,Oui
"Sosh augmente les dÃ©bits de sa fibre, et reste lâ€™une des offres les plus abordables du marchÃ©","[Deal du jour] Si vous souhaitez Ã©conomiser sur votre abonnement fibre, Sosh, lâ€™opÃ©rateur low cost dâ€™Orange, propose un abonnement au bon rapport qualitÃ© prix, surtout depuis que l'opÃ©rateur a augmentÃ© ses dÃ©bits.",https://www.numerama.com/tech/1824552-sosh-augmente-les-debits-de-sa-fibre-et-reste-lune-des-offres-les-plus-abordables-du-marche.html,Non,Non.,Oui
Un homme en cavale du centre pÃ©nitentiaire de Nice interpellÃ© Ã  Orange,"Un homme en semi-libertÃ© recherchÃ© pour Ã©vasion du centre pÃ©nitentiaire de Nice a Ã©tÃ© interpellÃ© ce vendredi 11 octobre Ã  Orange (Vaucluse). Il a Ã©tÃ© prÃ©sentÃ© devant le parquet de Carpentras, en vue de son incarcÃ©ration dans le Vaucluse, avant de retourner dans les Alpes-Maritimes.",https://www.francebleu.fr/infos/faits-divers-justice/un-homme-en-cavale-du-centre-penitentiaire-de-nice-interpelle-a-orange-2376256,Non,Non,Non
"Festival d'annonces chez Orange : dÃ©bits Livebox qui explosent, streaming Ã  prix cassÃ© et nouveau forfait 5G, c'est la fÃªte","Orange bouscule ses offres internet : dÃ©bits ultra-rapides, streaming Ã  prix cassÃ©s et avantages familiaux inÃ©dits. L'opÃ©rateur historique veut sÃ©duire les foyers connectÃ©s.",https://www.clubic.com/actualite-540314-festival-d-annonces-chez-orange-debits-livebox-qui-explosent-streaming-a-prix-casse-et-nouveau-forfait-5g-c-est-la-fete.html,Non,Non,Oui
"Livebox : Orange augmente les dÃ©bits, mais pas les prix",Bonne nouvelle du cÃ´tÃ© des offres Livebox d'Orange en fibre optique. L'opÃ©rateur procÃ¨de Ã  une hausse des dÃ©bits.,https://www.generation-nt.com/actualites/livebox-fibre-orange-hausse-debits-max-up-2051408,Non.,Non,Oui
"Orange passe sa Livebox 7 en 8 Gbit/s symÃ©trique, comme la Freebox Ultra","Depuis le 10 octobre, Orange indique dans sa brochure tarifaire que l'offre Livebox Max est Ã©ligible au 8 Gbps symÃ©trique dans certaines zones. L'opÃ©rateur historique rattrape ses concurrents, qui proposent tous cette technologie.",https://www.numerama.com/tech/1823136-orange-passe-sa-livebox-7-en-8-gbit-s-symetriques-comme-la-freebox-ultra.html,Non,Non.,Oui
"L'Etat doit-il vendre ses parts chez Orange, FDJ ou Stellantis ? La rÃ©ponse de Maroun EddÃ© Ã  Darmanin",,https://www.lexpress.fr/economie/politique-economique/letat-doit-il-vendre-ses-parts-chez-orange-fdj-ou-stellantis-la-reponse-de-maroun-edde-a-darmanin-777BE5ZEDNCULNNRF46KRCYC7U/,Oui,Non.,Oui
Des activitÃ©s sportives pour faciliter les Ã©changes entre candidats et recruteurs,"A Orange, une maniÃ¨re originale de faire se rencontrer candidats et recruteurs.",https://www.francebleu.fr/emissions/le-bon-plan-emploi/des-activites-sportives-pour-faciliter-les-echanges-entre-candidats-et-recruteurs-1700810,Non,Oui,Non
Une Livebox 7 d'Orange avec Wi-Fi 7,Deux Livebox 7 d'Orange compatibles Wi-Fi 7 vont Ãªtre lancÃ©es en Espagne. C'est l'expectative pour la Livebox 7 (ou une nouvelle Livebox) en France.,https://www.generation-nt.com/actualites/livebox-wifi-7-orange-espagne-france-2051328,Oui,Non.,Oui
"Du Wi-Fi 7 enfin chez Orange ? HÃ©las, cette Livebox 7 n'est pas pour vous","PrÃ¨s d'un an aprÃ¨s sa sortie en France, Orange prÃ©pare le lancement d'une nouvelle Livebox 7, Ã©quipÃ©e cette fois du Wi-FI 7. Elle sera d'abord commercialisÃ©e en Espagne.",https://www.clubic.com/actualite-539903-du-wi-fi-7-enfin-chez-orange-helas-cette-livebox-7-n-est-pas-pour-vous.html,Non,Non,Oui
Justice. Des parafoudres radioactifs ? EnquÃªte aprÃ¨s les plaintes d'ex-salariÃ©s d'Orange,Des associations et des ex-salariÃ©s d'Orange dÃ©noncent une exposition au long cours Ã  des rayonnements ionisants sans Ã©valuation des risques.,https://www.leprogres.fr/faits-divers-justice/2024/10/08/des-parafoudres-radioactifs-enquete-apres-les-plaintes-d-ex-salaries-d-orange,Oui,Non.,Oui
Ã‰nergie. Des parafoudres radioactifs ? EnquÃªte aprÃ¨s les plaintes d'ex-salariÃ©s d'Orange,Des associations et des ex-salariÃ©s d'Orange dÃ©noncent une exposition au long cours Ã  des rayonnements ionisants sans Ã©valuation des risques.,https://www.ledauphine.com/faits-divers-justice/2024/10/08/des-parafoudres-radioactifs-enquete-apres-les-plaintes-d-ex-salaries-d-orange,Non,Non.,Oui
Orange prÃ©pare deux nouvelles Livebox avec du Wi-Fi 7,"En Espagne, Orange s'apprÃªte Ã  commercialiser deux nouvelles box compatibles Wi-Fi 7, avec ou sans support de la bande 6 GHz. La logique voudrait que ce produit arrive ensuite en France.",https://www.numerama.com/tech/1821868-orange-prepare-deux-nouvelles-livebox-avec-du-wi-fi-7.html,Oui,Non,Oui
Plus que quelques jours pour profiter de deux mois offerts sur la fibre dâ€™Orange,"[Deal du jour] Orange propose une offre intÃ©ressante sur ses offres fibre. Avec notamment la Livebox SÃ©rie SpÃ©ciale Ã  moins de 20 â‚¬ par mois, avec deux mois gratuits. De quoi passer booster sa connexion.",https://www.numerama.com/tech/1820600-plus-que-quelques-jours-pour-profiter-de-deux-mois-offerts-sur-la-fibre-dorange.html,Non,Non,Oui
Christel Heydemann (Orange) : Â« Les entreprises doivent conserver leur capacitÃ© dâ€™investir Â»,"ENTRETIEN EXCLUSIF - Directrice gÃ©nÃ©rale dâ€™Orange depuis deux ans et demi, Christel Heydemann a pilotÃ© avec succÃ¨s le numÃ©ro deux des opÃ©rateurs europÃ©ens pendant les JO. Et engrange les rÃ©sultats de son plan stratÃ©gique.",https://www.latribune.fr/technos-medias/telecoms/christel-heydemann-orange-les-entreprises-doivent-conserver-leur-capacite-d-investir-1008149.html,Oui,Non.,Oui
"SFR, le maillon faible des tÃ©lÃ©coms","Orange et Free progressent, mais SFR, la marque au carrÃ© rouge, perd des centaines de milliers de clients. Et Bouygues Telecom ralentit.",https://www.latribune.fr/technos-medias/telecoms/sfr-le-maillon-faible-des-telecoms-1008150.html,Oui,Non.,Oui
TÃ©lÃ©phonie-environnementÂ : AstÃ© en lice au concours de collecte de mobiles usagÃ©s,"Afin de donner une nouvelle vie aux tÃ©lÃ©phones et tablettes usagÃ©s, Orange et lâ€™Association des Maires de France organisent une collecte nationale, assortie dâ€™un concours.",https://www.ladepeche.fr/2024/10/05/telephonie-environnement-aste-en-lice-au-concours-de-collecte-de-mobiles-usages-12110033.php,Non,Non.,Oui
Savoie. Antenne-relais: bataille juridique entre mairie et habitants Ã  Verrens-ArveyÂ ,"Ã€ Verrens-Arvey, lâ€™antenne relais 3G/4G voulue par la mairie, sur une initiative de lâ€™opÃ©rateur Orange, verra-t-elle le jourÂ ?",https://www.ledauphine.com/environnement/2024/10/05/antenne-relais-bataille-juridique-entre-mairie-et-habitants-a-verrens-arvey,Non.,Non.,Oui
Cloud souverainÂ : un marchÃ© en pleine Ã©bullition,"Offrant le plus haut niveau de sÃ©curitÃ©, la qualification SecNumCloud attire un nombre croissant de cloud providers. AprÃ¨s OVHcloud, Cloud Temple et Outscale, la liste des prÃ©tendants s'allonge avec Orange, SFR, NumSpot ou Bleu.",https://www.journaldunet.com/cloud/1534437-cloud-souverain-un-marche-en-pleine-ebullition/,Oui,Non.,Oui
Adieu tÃ©lÃ©phone fixe et ligne ADSL ! Orange accÃ©lÃ¨re le dÃ©mantÃ¨lement de son rÃ©seau cuivre dâ€™ici 2030,"Ã€ lâ€™horizon 2030, le rÃ©seau cuivre, qui permet encore Ã  certains foyers dâ€™accÃ©der Ã  la tÃ©lÃ©phonie fixe et Ã  internet en ADSL, disparaÃ®tra au profit de la fibre optique. DÃ©cryptage dâ€™un changement dâ€™Ã¨re",https://www.sudouest.fr/france/adieu-telephone-fixe-et-ligne-adsl-orange-accelere-le-demantelement-de-son-reseau-cuivre-d-ici-2030-21598430.php,Non,Non,Oui
Supercalculateur Â« IA militaire Â» : le tandem HP-Orange en passe d'Ã©carter Atos,La Direction interarmÃ©es des rÃ©seaux d'infrastructure et des systÃ¨mes d'information (Dirisi) s'oriente vers Hewlett Packard Enterprise plutÃ´t qu'Atos pour Ã©quiper d'un supercalculateur l'Agence ministÃ©rielle pour l'IA de dÃ©fense. Le marchÃ© n'est pas encore signÃ©.,https://www.latribune.fr/entreprises-finance/industrie/aeronautique-defense/supercalculateur-ia-militaire-le-tandem-hp-orange-en-passe-d-ecarter-atos-1008004.html,Oui,Non,Oui
Orange se renforce pour accÃ©lÃ©rer la rÃ©paration des tÃ©lÃ©phones cassÃ©s ou abÃ®mÃ©s,"L'opÃ©rateur Orange a annoncÃ©, jeudi, s'Ãªtre associÃ© Ã  l'un des fleurons de la rÃ©paration de tÃ©lÃ©phones portables, Save. Ses clients, ainsi que ceux de la marque Sosh, ont accÃ¨s Ã  davantage de point de rÃ©paration.",https://www.clubic.com/actualite-539435-orange-se-renforce-pour-accelerer-la-reparation-des-telephones-casses-ou-abimes.html,Oui,Non.,Oui
"VidÃ©o. Â« On ne maltraite pas nos animaux Â» : critiquÃ© par des associations de dÃ©fense des animaux, le directeur du cirque Zavatta rÃ©pond","AttaquÃ© de toute part par des militants et associations de dÃ©fense des animaux, Alexandre Muller, directeur du cirque Zavatta qui vient de sâ€™installer Ã  Orange pour quelques jours, sâ€™indigne et assure ne pas comprendre la polÃ©mique. Il insiste sur le fait que ces animaux, Â« sauvages ou nonÂ Â», ne sont pas maltraitÃ©s. Et affirme respecter scrupuleusement le cadre fixÃ© par la loi de 2021.",https://www.ledauphine.com/societe/2024/10/02/alexandre-muller-directeur-du-cirque-zavatta-on-ne-maltraite-pas-nos-animaux,Non,Non.,Oui
Orange. Animaux sauvages dans les cirques : Zavatta dans le viseur d'une association,"Dans le cadre de sa tournÃ©e dans le sud de la France, le cirque Zavatta a dÃ©cidÃ© de sâ€™installer le 27Â septembre Ã  Orange, et dâ€™y rester jusquâ€™au 6Â octobre. Si cette arrivÃ©e ravit les spectateurs, elle ne manque pas de faire rÃ©agir les dÃ©fenseurs des animaux.",https://www.ledauphine.com/societe/2024/10/01/animaux-sauvages-dans-les-cirques-zavatta-dans-le-viseur-d-une-association,Non.,Non,Oui
"Ã€ la rencontre dâ€™Orange, Ã©gÃ©rie du Sommet de lâ€™Ã©levage de Clermont-Ferrand",,https://www.leparisien.fr/puy-de-dome-63/a-la-rencontre-dorange-egerie-du-sommet-de-lelevage-de-clermont-ferrand-01-10-2024-BQ5ZR6HZPZGXJLZVUPW275GCFE.php,Non,Non,Oui
ImmobilierÂ : pourquoi les ascenseurs risquent de faire exploser les charges de copropriÃ©tÃ© Ã  partir de 2025,"ProgrÃ¨s technologique oblige, les grands opÃ©rateurs (Orange, SFR ou Bouygues) vont abandonner peu Ã  peu la 2G et la 3G. ProblÃ¨meÂ : ces systÃ¨mes sont encore utilisÃ©s aujourdâ€™hui par la majoritÃ© des alarmes",https://www.sudouest.fr/economie/mon-argent/immobilier-pourquoi-les-ascenseurs-risquent-de-faire-exploser-les-charges-de-copropriete-a-partir-de-2025-21587620.php,Non,Non.,Non
Orange signe un contrat dâ€™achat dâ€™Ã©lectricitÃ© auprÃ¨s dâ€™un parc hybride,Le groupe sâ€™engage Ã  acheter de lâ€™Ã©nergie dans le cadre dâ€™un projet de 84 millions dâ€™euros montÃ© par ZE Energy.,https://www.agefi.fr/cash-risk/actualites/orange-signe-un-contrat-dachat-delectricite-aupres-dun-parc-hybride,Oui,Non.,Oui
"""Je suis entiÃ¨rement isolÃ©â€¦"" Sans internet depuis 4 mois, un septuagÃ©naire se dÃ©bat pour ""reprendre une vie normale"" dans son village aveyronnais","La dÃ©connexion, certains en rÃªvent, dâ€™autres la dÃ©plorent. Câ€™est le cas dâ€™Alain Jouly, qui nâ€™a plus de rÃ©seau depuis mi-juin. ComplÃ¨tement isolÃ©, il se bat avec Orange pour rÃ©cupÃ©rer sa connexion et reprendre une vie...",https://www.ladepeche.fr/2024/09/27/je-suis-entierement-isole-sans-internet-depuis-quatre-mois-un-septuagenaire-se-debat-en-vain-pour-reprendre-une-vie-normale-dans-son-petit-village-12223103.php,Non,Non.,Oui
Orange Business renforce son campus rennais et mise sur une Ã¨re de croissance autour du numÃ©rique,"Orange Business renforce son ancrage en rÃ©gion rennaise, avec dÃ©sormais 3 300 salariÃ©s rassemblÃ©s sur le campus Orange Islands de Cesson-SÃ©vignÃ©. La filiale B to B dâ€™Orange veut accÃ©lÃ©rer sa transformation vers la digitalisation. La cybersÃ©curitÃ©, le cloud et lâ€™IA sont Ã©rigÃ©s en modÃ¨le pour sa croissance future.",https://www.lejournaldesentreprises.com/article/orange-business-renforce-son-campus-rennais-et-mise-sur-une-ere-de-croissance-autour-du-numerique-2103965,Oui,Non,Oui
Fini la 5G offerte pour les abonnÃ©s Orange et Sosh !,"Orange, qui avait offert la 5G Ã  ses clients et Ã  ceux de sa marque Sosh tout cet Ã©tÃ©, a mis fin Ã  ce petit cadeau. L'arrÃªt Ã©tait programmÃ©, mÃªme si certains seront sans doute surpris.",https://www.clubic.com/actualite-538703-fini-la-5g-offerte-pour-les-abonnes-orange-et-sosh.html,Non.,Non.,Oui
Orange se retire de Wall Street aprÃ¨s 27Â ans de cotation,"Face Ã  des exigences rÃ©glementaires de plus en plus contraignantes, le gÃ©ant franÃ§ais des tÃ©lÃ©coms a choisi de recentrer ses efforts sur ses marchÃ©s principaux en Europe, tout en assurant une transition douce pour ses investisseurs.",https://www.journaldunet.com/business/1533817-orange-se-retire-de-wall-street-apres-27-ans/,Oui,Non,Oui
"Orange, Thales, AT&Tâ€¦ La colÃ¨re monte contre les hausses de prix de VMware","Les clients du spÃ©cialiste de la virtualisation de serveurs, rÃ©cemment rachetÃ© par Broadcom, dÃ©noncent une nouvelle politique tarifaire qui s'est traduite par une forte hausse des prix.",https://www.usine-digitale.fr/article/orange-thales-at-t-la-colere-monte-contre-les-hausses-de-prix-de-vmware.N2219273,Oui,Non.,Oui
Vaucluse. Meurtre Ã  OrangeÂ : le suspect placÃ© en dÃ©tention,"AprÃ¨s avoir fait des aveux partiels dans lâ€™affaire du meurtre dans un appartement dâ€™Orange, un homme a Ã©tÃ© placÃ© en dÃ©tention provisoire.",https://www.ledauphine.com/faits-divers-justice/2024/09/25/meurtre-a-orange-le-suspect-place-en-detention,Non.,Non,Non
Câ€™est la fin de la 5G gratuite chez Orange et Sosh : que faut-il faire pour la garder ?,"Offerte Ã  tous les abonnÃ©s Orange et Sosh depuis le dÃ©but des Jeux olympiques, la 5G redevient payante en octobre. Depuis le 24 septembre, les abonnÃ©s concernÃ©s commencent Ã  recevoir un SMS sur la fin de l'opÃ©ration.",https://www.numerama.com/tech/1814504-cest-la-fin-de-la-5g-gratuite-chez-orange-et-sosh-que-faut-il-faire-pour-la-garder.html,Non,Non,Oui
Orange annonce se retirer de la Bourse de New York,Le gÃ©ant franÃ§ais des tÃ©lÃ©coms cherche Ã  rassurer ses clients et partenaires sur cette mesure qui ne vise quâ€™Ã  Â«amÃ©liorer le fonctionnement interneÂ» de lâ€™entreprise.,https://www.lefigaro.fr/societes/orange-annonce-se-retirer-de-la-bourse-de-new-york-20240925,Oui,Non,Oui
"PrivÃ©s de rÃ©seau mobile depuis 2 mois, des abonnÃ©s d'Orange se font rembourser sur demande","Ã€ cause de la rÃ©paration difficile d'une antenne mobile, des centaines de clients Orange n'ont plus de rÃ©seau mobile depuis deux mois. Fort heureusement, l'opÃ©rateur peut les rembourser.",https://www.clubic.com/actualite-538379-prives-de-reseau-mobile-depuis-2-mois-des-abonnes-d-orange-se-font-rembourser-sur-demande.html,Oui,Non.,Oui
"Orange. PoignardÃ©, il se vide de son sang et son meurtrier prend la fuite","Un homme de 36 ans est mort, victime dâ€™un coup de couteau au niveau dâ€™un membre infÃ©rieur, dans la nuit du 21 au 22Â septembre. Le crime a Ã©tÃ© commis dans un appartement, Ã  Orange. La police est Ã  la recherche du meurtrier.",https://www.ledauphine.com/faits-divers-justice/2024/09/22/poignarde-il-se-vide-de-son-sang-et-son-meurtrier-prend-la-fuite,Non.,Non.,Non
"Les forfaits 5G d'Orange, SFR et Bouygues peuvent avoir un vilain dÃ©faut, ce qu'il faut vÃ©rifier",Beaucoup d'opÃ©rateurs proposent dÃ©sormais des offres 5G pour votre mobile. Sans avoir le rÃ©seau qui va avec...,https://www.linternaute.com/hightech/mobile/6205147-article-fausse-5g/,Non,Non,Oui
"Box 5G : notre comparatif des offres internet disponibles chez SFR, Bouygues, Orange et Free","Avec la montÃ©e en puissance des rÃ©seaux mobiles, les box 5G se positionnent aujourd'hui comme des solides alternatives Ã  la fibre optique, notamment dans les zones oÃ¹ l'installation de la fibre tarde Ã  se dÃ©ployer. La promesse ? Une connexion internet rapide, et surtout facile Ã  installer avec moins dâ€™encombrements. Dans ce guide, on passe en revue les meilleures offres internet du marchÃ© afin de vous aider Ã  faire le bon choix en fonction de votre usage et de votre localisation.",https://www.numerama.com/tech/1809902-box-5g-notre-comparatif-des-offres-internet-disponibles-chez-sfr-bouygues-orange-et-free.html,Non,Non,Non
5G SA ou 5G+ : quelle est cette Â« vraie 5G Â» dont parlent les opÃ©rateurs en France ?,"D'ici 2025, tous les opÃ©rateurs franÃ§ais devraient commercialiser des offres 5G+, avec un rÃ©seau 5G SA parfois prÃ©sentÃ© comme de Â« la vraie 5G Â». Free Mobile et Orange ont commencÃ© Ã  communiquer, pendant que les autres poursuivent leurs tests. VoilÃ  ce qu'il y a Ã  savoir sur cette technologie, ses avantages et son calendrier.",https://www.numerama.com/tech/1810836-5g-sa-ou-5g-quelle-est-cette-vraie-5g-dont-parlent-les-operateurs-en-france.html,Oui,Non,Oui
"Pour diffuser lui aussi la ""vraie 5G"", la 5G SA, Orange choisit de lancer une offre... pour la maison","Dans la foulÃ©e de l'annonce de son meilleur ennemi et concurrent Free, Orange a rÃ©pondu en dÃ©voilant le lancement d'une offre 5G+ Home, basÃ©e sur la 5G SA. Son arrivÃ©e est prÃ©vue le 10 octobre.",https://www.clubic.com/actualite-537977-pour-diffuser-lui-aussi-la-vraie-5g-la-5g-sa-orange-choisit-de-lancer-une-offre-pour-la-maison.html,Oui,Non.,Oui
Orange s'apprÃªte Ã  mettre fin aux services de plusieurs millions de smartphones d'ici 2025,Le dÃ©ploiement de la 5G coÃ¯ncide avec l'arrÃªt de nombreux anciens smartphones chez Orange.,https://www.linternaute.com/hightech/mobile/6207047-article-orange-fin-2g/,Oui,Non.,Oui
5G SA : Orange rÃ©pond Ã  Free avec la 5G+,Free a pris les devants en matiÃ¨re de communication pour la 5G SA Ã  destination du grand public. Orange rÃ©pond avec une offre 5G+ Home plus singuliÃ¨re.,https://www.generation-nt.com/actualites/5g-orange-home-free-2050731,Non,Non,Oui
Orange lance la 5G+ pour rÃ©pondre Ã  Freeâ€¦ mais nâ€™est pas encore prÃªt Ã  la dÃ©ployer,"Quelques heures aprÃ¨s Free Mobile, qui commence Ã  dÃ©ployer la 5G SA en France, Orange a annoncÃ© par communiquÃ© de presse l'ouverture d'une nouvelle offre Â«Â 5G+ home Â», qui utilise aussi un cÅ“ur de rÃ©seau 5G. Elle est destinÃ©e aux personnes sans accÃ¨s Ã  la fibre.",https://www.numerama.com/tech/1810792-orange-lance-la-5g-pour-repondre-a-free-mais-nest-pas-encore-pret-a-la-deployer.html,Oui,Non.,Oui
Orange implante une nouvelle boutique en Moselle,,https://www.lejournaldesentreprises.com/breve/orange-implante-une-nouvelle-boutique-en-moselle-2103280,Non,Non,Oui
DrÃ´me. Un automobiliste perd la vie dans une sortie de route Ã  Tulette,"Un dramatique accident a coÃ»tÃ© la vie Ã  un automobiliste, mercredi 18 septembre au matin, sur la route dÃ©partementale 576 (route dâ€™Orange), Ã  Tulette, dans le Sud-DrÃ´me.",https://www.ledauphine.com/faits-divers-justice/2024/09/18/un-automobiliste-perd-la-vie-dans-une-sortie-de-route-a-tulette,Non,Non.,Non
Vaucluse. Un homme de 21 ans dÃ©cÃ¨de dans un accident Ã  CourthÃ©zon : ce qu'il s'est passÃ©,"Mardi 17Â septembre, peu avant 15 heures, route dâ€™Orange, Ã  la hauteur de CourthÃ©zon, un tragique accidentÂ sâ€™est produit entre une camionnette et un poids lourd. Faisant un mort et un blessÃ© grave. Durant 4Â hÂ 30, la circulation Ã©tait fermÃ©e.",https://www.ledauphine.com/faits-divers-justice/2024/09/17/un-homme-de-21-ans-decede-dans-un-accident-a-courthezon-ce-qu-il-s-est-passe,Non,Non,Non
"CourthÃ©zon. Accident entre une camionnette et un poids lourd, un vingtenaire dÃ©cÃ¨de sur le coup","Peu avant 15 heures, ce mardi 17 septembre, un grave accident sâ€™est produit sur la route dâ€™Orange Ã  hauteur de la commune de CourthÃ©zon.",https://www.ledauphine.com/faits-divers-justice/2024/09/17/accident-grave-sur-la-route-d-orange-la-circulation-est-coupee-dans-les-deux-sens,Non,Non.,Non
Un forum pour l'emploi Ã  Orange,Vous voulez rencontrer les diffÃ©rentes entreprises du territoire d'Orange ?,https://www.francebleu.fr/emissions/le-bon-plan-emploi/un-forum-pour-l-emploi-a-orange-7113350,Non,Non,Oui
Orange : la fibre Ã  20 â‚¬ + 2 mois offerts pour la rentrÃ©e !,"DÃ©couvrez l'offre Just Livebox Fibre d'Orange, une solution Ã©conomique sans dÃ©codeur TV, avec en prime deux mois gratuits pour la rentrÃ©e",https://www.generation-nt.com/actualites/forfait-orange-internet-box-just-livebox-fibre-pas-cher-2050561,Non.,Non.,Oui
"ENTRETIEN. Hausse des tarifs, couacs de la fibre, projetsâ€¦Â : la directrice gÃ©nÃ©rale dâ€™Orange rÃ©pond","Directrice gÃ©nÃ©rale du groupe Orange, Christel Heydemann est lâ€™une des trois patronnes du Cac 40. Elle a participÃ© au Forum Ã©conomique breton, les 11 et 12Â septembre 2023. Et accordÃ© Ã  Â«Â Ouest-FranceÂ Â» un entretien. Lâ€™occasion de lâ€™interroger sur les prÃ©occupations des usagers et lâ€™ancrage territorial de lâ€™entreprise.",https://www.ouest-france.fr/high-tech/orange/entretien-hausse-des-tarifs-couacs-de-la-fibre-projets-la-directrice-generale-dorange-repond-4ed89b7e-7053-11ef-bf8c-5742d8eb2cd3,Oui,Non.,Oui
"""House of Cards"", ""Orange is the new black"", ""Lupin"": les sÃ©ries qui ont fait Netflix","Netflix, qui fÃªte ses 10 ans d'existence en France ce samedi, a bouleversÃ© notre faÃ§on de consommer des sÃ©ries. Quelques-unes ont marquÃ© l'histoire de la plateforme. ",https://www.bfmtv.com/people/series/house-of-cards-orange-is-the-new-black-lupin-les-series-qui-ont-fait-netflix_AN-202409140344.html,Non,Non,Non
En images. Francis Cabrel Ã©courte son premier concert au thÃ©Ã¢tre antique d'Orange... Ã  cause du froid,"Qui aurait pensÃ© qu'il puisse faire aussi froid un 13 septembre Ã  Orange (Vaucluse) ? C'est devant un public transi, dans un hÃ©micycle balayÃ© par le mistral, que Francis Cabrel a donnÃ© vendredi soir le premier de ses deux concerts prÃ©vus dans le monument romain. Finalement, au bout d'un peu plus d'une heure, le cÃ©lÃ¨bre chanteur, frigorifiÃ©, a annoncÃ© qu'il allait encore interprÃ©ter trois titres, puis mettre fin Ã  sa prestation. Au total, le spectacle a durÃ© environ 1 h 30. Ce samedi matin, la nouvelle a fait le tour du web, certains spectateurs se demandant si le second concert, prÃ©vu ce samedi 14 septembre, alors que le mistral souffle toujours, va Ãªtre maintenu (ce n'est qu'une hypothÃ¨se car aucune information n'a Ã©tÃ© donnÃ©e dans ce sens par les organisateurs). En attendant, de nombreuses personnes tentent de revendre leurs billets pour samedi soir sur les rÃ©seaux sociaux.",https://www.ledauphine.com/culture-loisirs/2024/09/14/francis-cabrel-ecourte-son-premier-concert-a-cause-du-froid,Non.,Non.,Non
Cet opÃ©rateur bouscule Bouygues et Orange avec une offre sans prÃ©cÃ©dent,"En 2024, la majoritÃ© des opÃ©rateurs de tÃ©lÃ©phonie mobile proposent des offres attractives. Cela dit, l'un d'entre eux se dÃ©marque en proposant des forfaits mobiles flexibles, qui permettent de faire des Ã©conomies consÃ©quentes trÃ¨s facilement.Â ",https://www.presse-citron.net/?p=624885,Oui,Non.,Oui
Orange rejoint une alliance historique avec 11 gÃ©ants des tÃ©lÃ©coms pour dÃ©velopper des APIs communes,"Les mastodontes mondiaux des tÃ©lÃ©coms, Orange en tÃªte, ont annoncÃ© s'unir pour crÃ©er une plateforme d'APIs rÃ©seau, par l'intermÃ©diaire d'une nouvelle sociÃ©tÃ©. Ensemble, ils ouvrent la voie au dÃ©veloppement de nouvelles applications et fonctionnalitÃ©s.",https://www.clubic.com/actualite-537401-orange-rejoint-une-alliance-historique-avec-11-geants-des-telecoms-pour-developper-des-apis-communes.html,Oui,Non.,Oui
"Orange / Sosh : une option facturÃ©e 1 â‚¬ par mois pendant 3 mois au lieu de 11,99 â‚¬/mois !","Orange propose une vente flash exceptionnelle pour ses abonnÃ©s, proposant une option Ã  seulement 1 â‚¬/mois pendant trois mois, une offre valable Ã©galement pour les clients Sosh.",https://www.generation-nt.com/actualites/orange-sosh-deezer-premium-famille-forfait-mobile-box-internet-pas-cher-2050478,Oui,Non,Oui
"Xavier Niel a ""envie de foutre le bordel"", et le dit en se moquant d'Orange","Mercredi matin, Xavier Niel dit s'Ãªtre rÃ©veillÃ© avec Â«Â une sacrÃ©e envie de foutre le bordelÂ Â», en rÃ©fÃ©rence au titre de son prochain livre. Le patron de Free se moque d'ailleurs d'Orange, en dÃ©diant Ã  son concurrent prÃ©fÃ©rÃ© la couverture du bouquin.",https://www.clubic.com/actualite-537095-xavier-niel-a-envie-de-foutre-le-bordel-et-le-dit-en-se-moquant-d-orange.html,Oui,Non,Oui
"Vaucluse. Avec 180 000 spectateurs, lâ€™Ã©tÃ© record du thÃ©Ã¢tre antique dâ€™Orange",Ce nâ€™est pas terminÃ© puisque le thÃ©Ã¢tre antique accueillera notamment deux soirÃ©es Ã  guichets fermÃ©s avec Francis Cabrel les 13 et 14 septembre.,https://www.ledauphine.com/culture-loisirs/2024/09/09/avec-180-000-spectateurs-l-ete-record-du-theatre-antique-d-orange,Non.,Non.,Non
"A Orange, Zemmour rÃ¨gle ses comptes avec la politique","La citÃ© deÂ  FrÃ©dÃ©ric Mistral nâ€™a jamais aussi bien portÃ© son nom. Et les quelques nuages gris poussÃ©s par le vent auront permis de cacher briÃ¨vement les rayons gÃ©nÃ©reux du...
Lâ€™article A Orange, Zemmour rÃ¨gle ses comptes avec la politique est apparu en premier sur Valeurs actuelles.",https://www.valeursactuelles.com/clubvaleurs/politique/a-orange-zemmour-regle-ses-comptes-avec-la-politique,Non,Non.,Non
"UniversitÃ© dâ€™Ã©tÃ© de ReconquÃªteÂ : Ã  Orange, les fidÃ¨les d'Eric Zemmour refusent de broyer du noir","Ils Ã©taient prÃ¨s de 2000 dans le Vaucluse pour le rassemblement annuel du parti dâ€™Ã‰ric Zemmour. AprÃ¨s les dÃ©parts de Marion MarÃ©chal et du sÃ©nateur StÃ©phane Ravier, les militants sâ€™inquiÃ¨tent pour lâ€™avenir du parti, et Zemmour se lance dans Â« lâ€™antipolitique Â» avec son escouade d'influenceurs.",https://www.marianne.net/politique/universite-dete-de-reconquete-a-orange-les-fideles-d-eric-zemmour-refusent-de-broyer-du-noir,Non,Non.,Non
5 sÃ©ries Ã  voir aprÃ¨s Prison Break sur Netflix,"La sÃ©rie culte du dÃ©but des annÃ©es 2000 revient sur Netflix pour notre plus grand bonheur (ou pas). Si vous connaissez dÃ©jÃ  l'intÃ©grale de Prison Break par cÅ“ur, voici 5 sÃ©ries similaires qui devraient vous plaire, Ã  dÃ©couvrir en streaming : Le DÃ©tenu, Orange is the New Black, La Casa de Papel, Blacklist ainsi que Oz, sur Paramount+.",https://www.numerama.com/pop-culture/1803160-5-series-a-voir-apres-prison-break-sur-netflix.html,Non,Non.,Non
ReconquÃªte : Ã‰ric Zemmour fait sa rentrÃ©e politique Ã  Orange,"Ce samedi, le parti ReconquÃªte tiendra son universitÃ© dâ€™Ã©tÃ© Ã  Orange, dans le Vaucluse. Avec une quarantaine dâ€™Ã©lus en France, ReconquÃªte rÃ©unit ses cadres et sympathisants Ã  Orange, une ville...
Lâ€™article ReconquÃªte : Ã‰ric Zemmour fait sa rentrÃ©e politique Ã  Orange est apparu en premier sur Valeurs actuelles.",https://www.valeursactuelles.com/regions/provence-alpes-cote-dazur/vaucluse/no_agglomeration/politique/reconquete-eric-zemmour-fait-sa-rentree-politique-a-orange,Non.,Non,Non
ReconquÃªte : Ã‰ric Zemmour fait sa rentrÃ©e politique Ã  Orange,"Ce samedi, le parti ReconquÃªte tiendra son universitÃ© dâ€™Ã©tÃ© Ã  Orange, dans le Vaucluse. Avec une quarantaine dâ€™Ã©lus en France, ReconquÃªte rÃ©unit ses cadres et sympathisants Ã  Orange, une ville...
Lâ€™article ReconquÃªte : Ã‰ric Zemmour fait sa rentrÃ©e politique Ã  Orange est apparu en premier sur Valeurs actuelles.",https://www.valeursactuelles.com/?p=332294,Non,Non,Non
Bouygues et Orange dÃ©passÃ©s par le forfait mobile exceptionnel de cet opÃ©rateur,"Changer de forfait mobile pour la rentrÃ©e peut Ãªtre une excellente idÃ©e. Si vous n'Ãªtes pas pleinement satisfait de votre opÃ©rateur, vous pourriez Ãªtre tentÃ© d'aller voir ailleurs. Justement, un acteur se distingue de la plus belle des maniÃ¨res, en proposant un forfait unique en son genre.",https://www.presse-citron.net/?p=623889,Non,Non,Oui
"AprÃ¨s la tempÃªte, ReconquÃªte fait sa rentrÃ©e politique Ã  Orange",,https://www.la-croix.com/apres-la-tempete-reconquete-fait-sa-rentree-politique-a-orange-20240907,Non,Non (Pour la premiÃ¨re information) Non (Pour la deuxiÃ¨me information),Oui
"Autoroute A7Â : Un camion transportant un char se renverse Ã  hauteur dâ€™Orange, cinq blessÃ©s lÃ©gers",,https://www.20minutes.fr/faits_divers/4108829-20240906-autoroute-a7-camion-transportant-char-renverse-hauteur-orange-cinq-blesses-legers,Non,Non.,Non
Un accident provoque dâ€™importants ralentissements sur lâ€™autoroute A7 Ã  hauteur dâ€™Orange,,https://www.leparisien.fr/faits-divers/un-accident-provoque-dimportants-ralentissements-sur-lautoroute-a7-a-hauteur-dorange-06-09-2024-WWQPHOTU6FAB7OD7BZU5NZKPME.php,Non,Non,Non
Au coeur de l'usine qui produit en France les nouveaux poteaux telÃ©phoniques d'Orange,"Lâ€™usine Transalpes Composite, implantÃ©e depuis fin 2021 Ã  Saint-Loup dans lâ€™Allier, est devenue lâ€™unique fournisseur franÃ§ais de lâ€™opÃ©rateur Orange en poteaux tÃ©lÃ©phoniques composites. Un business juteux qui appellera bientÃ´t de nouveaux investissements. Sur lâ€™ancienne base militaire de Saint-LoupÂ (Allier),Â [â€¦]Â Lire l'article",http://www.usinenouvelle.com/article/au-coeur-de-l-usine-qui-produit-en-france-les-nouveaux-poteaux-telephoniques-d-orange.N2218023,Oui,Non,Oui
Orange laisse ouvert son rÃ©seau 5G Ã  ses clients 4G,La fÃªte n'est pas encore finie pour la 5G gratuite d'Orange. L'opÃ©rateur joue les prolongations pour les abonnÃ©s d'un forfait 4G mobile.,https://www.generation-nt.com/actualites/orange-5g-offerte-sosh-jeux-olympiques-prolongation-2050341,Non,Non,Oui
Vaucluse. Lâ€™autoroute A7 coupÃ©e en direction de Marseille aprÃ¨s lâ€™accident dâ€™un poids lourd,"Un accident impliquant un poids lourd sâ€™est produit ce vendredi 6 septembre, vers 13 h 30, sur lâ€™autoroute A7, entre les Ã©changeurs dâ€™Orange nord-Piolenc (NÂ°20) et dâ€™Orange centre (NÂ°21), en direction de Lyon.",https://www.ledauphine.com/faits-divers-justice/2024/09/06/l-autoroute-a7-coupee-en-direction-de-marseille-apres-l-accident-d-un-poids-lourd,Non,Non.,Non
"Orange prolonge la 5G gratuite jusquâ€™Ã  fin septembre, aprÃ¨s avoir battu des records","Pendant les deux courses de LÃ©on Marchand sur 200 mÃ¨tres, le trafic mobile d'Orange a battu son record historique, en atteignant un pic d'1,86 tÃ©rabit par seconde. La 5G gratuite, qui devait s'arrÃªter le 8 septembre avec la fin des Jeux paralympiques, va s'Ã©tendre jusqu'Ã  la fin du mois.",https://www.numerama.com/tech/1802676-orange-prolonge-la-5g-gratuite-jusqua-fin-septembre-apres-avoir-battu-des-records.html,Oui,Non.,Oui
France Bleu Alsace vous offre un tÃ©lÃ©phone Samsung Ã  l'occasion de la Foire EuropÃ©enne avec Orange !,"A l'occasion de la Foire EuropÃ©enne de Strasbourg, France Bleu Alsace vous offre un tÃ©lÃ©phone Samsung en partenariat avec Orange. Inscrivez-vous en ligne au tirage au sort dans cet article afin de remporter votre tÃ©lÃ©phone  ğŸ“± portable ğŸ“±!",https://www.francebleu.fr/vie-quotidienne/jeux/france-bleu-alsace-vous-offre-un-telephone-samsung-a-l-occasion-de-la-foire-europeenne-avec-orange-3064574,Non,Non.,Non
Minimax : le nouveau gÃ©nÃ©rateur vidÃ©o d'IA - 04/09,"Ce mercredi 4 septembre, FranÃ§ois Sorel a reÃ§u FrÃ©dÃ©ric Simottel, journaliste BFM Business, EnguÃ©rand Renault, consultant chez Image 7, ancien journaliste au Figaro, et Yves MaÃ®tre, operating partner Jolt capital et consultant, ancien PDG de HTC. Ils se sont penchÃ©s sur le nouveau processeur de Qualcomm, le logiciel Minimax gÃ©nÃ©rateur vidÃ©o d'IA, la fin du collaboration d'Orange avec Huawei dans le cloud, et les ondes tÃ©lÃ©phoniques, dans l'Ã©mission Tech & Co, la quotidienne, sur BFM Business. Retrouvez l'Ã©mission du lundi au jeudi et rÃ©Ã©coutez la en podcast.",https://www.bfmtv.com/economie/replay-emissions/tech-and-co/minimax-le-nouveau-generateur-video-d-ia-04-09_VN-202409040910.html,Non.,Non.,Oui
"Orange et Huawei, relation terminÃ©e en France : dans le 5G et le Cloud, le gÃ©ant chinois plus esseulÃ© que jamais","Les entreprises Orange et Huawei ont mis fin Ã  leur offre commune dans le Cloud. Ensemble, elles Ã©taient parties pour conquÃ©rir les 200 plus grosses sociÃ©tÃ©s franÃ§aises. La firme chinoise est toujours plus fragilisÃ©e dans l'Hexagone.",https://www.clubic.com/actualite-536216-orange-et-huawei-relation-terminee-en-france-dans-le-5g-et-le-cloud-le-geant-chinois-plus-esseule-que-jamais.html,Oui,Non,Oui
Vaucluse. Fraude prÃ©sumÃ©eÂ : les chefs de la police municipale de BollÃ¨ne en garde Ã  vue,"Le chef de la police municipale (PM) de BollÃ¨ne, son adjoint, et lâ€™ancien patron de la PM ont Ã©tÃ© mis en garde Ã  vue le 3Â septembre. La directrice gÃ©nÃ©rale des services a Ã©tÃ© entendue librement. La brigade de recherches de la compagnie dâ€™Orange travaille sur de potentiels dÃ©tournements de fonds publics.",https://www.ledauphine.com/faits-divers-justice/2024/09/03/fraude-presumee-les-chefs-de-la-police-municipale-en-garde-a-vue,Non.,Non.,Oui
Vous dÃ©mÃ©nagezÂ ? Orange vous simplifie la vie avec ce nouveau service,Une nouvelle offre Ã  connaÃ®tre.,https://www.presse-citron.net/?p=623355,Non,Non.,Oui
"Mila, Marguerite Sternâ€¦ ReconquÃªte place sa rentrÃ©e politique sous le signe du combat culturel","Â«Â Plus de 1400 inscrits et les cadres locaux prÃ©sentsÂ Â», se rÃ©jouit un cadre du parti zemmouriste. La rentrÃ©e politique de ReconquÃªte aura lieu Ã  Orange, la ville dirigÃ©e pendant plusieurs...
Lâ€™article Mila, Marguerite Sternâ€¦ ReconquÃªte place sa rentrÃ©e politique sous le signe du combat culturel est apparu en premier sur Valeurs actuelles.",https://www.valeursactuelles.com/clubvaleurs/politique/mila-marguerite-stern-reconquete-place-sa-rentree-politique-sous-le-signe-du-combat-culturel,Non,Non,Non
"Mila, Marguerite Sternâ€¦ ReconquÃªte place sa rentrÃ©e politique sous le signe du combat culturel","Â«Â Plus de 1400 inscrits et les cadres locaux prÃ©sentsÂ Â», se rÃ©jouit un cadre du parti zemmouriste. La rentrÃ©e politique de ReconquÃªte aura lieu Ã  Orange, la ville dirigÃ©e pendant plusieurs...
Lâ€™article Mila, Marguerite Sternâ€¦ ReconquÃªte place sa rentrÃ©e politique sous le signe du combat culturel est apparu en premier sur Valeurs actuelles.",https://www.valeursactuelles.com/?p=331100,"Non, cette information n'est pas pertinente pour Ãªtre associÃ©e Ã  la fiche entreprise dÃ©diÃ©e d'Orange en tant qu'information rÃ©cente. Elle concerne un Ã©vÃ©nement politique organisÃ© dans la ville d'Orange, mais ne relate pas directement une information concernant l'entreprise Orange elle-mÃªme ou son activitÃ©.",Non.,Non
La Fibre Ã  moins de 20 â‚¬ ? Orange sort une nouvelle offre avec 2 mois dâ€™abonnement pour la rentrÃ©e,"[Deal du jour] Les vacances sont souvent l'occasion idÃ©ale pour se dÃ©connecter, mais Ã  quelques semaines de leur fin, les opÃ©rateurs prÃ©parent dÃ©jÃ  leurs offres de rentrÃ©e. Actuellement, Orange propose une intÃ©ressante offre Livebox Fibre avec deux mois gratuits pour adoucir la transition vers la fin de l'Ã©tÃ©.",https://www.numerama.com/tech/1795472-la-fibre-a-moins-de-20-e-orange-sort-une-nouvelle-offre-avec-2-mois-dabonnement-pour-la-rentree.html,Oui,Non.,Oui
Orange is the New Black : Que devient Uzo Aduba alias Suzanne la Folle Dingue ?,"Dans Orange is the New Black, Uzo Aduba incarnait Suzanne la Folle Dingue. Cinq ans aprÃ¨s la fin de la sÃ©rie, lâ€™actrice est Ã  lâ€™affiche dâ€™un film touchant sur lâ€™amitiÃ©, disponible sur Disney+.lire la suite sur TÃ©lÃ©-Loisirs.fr",https://www.programme-tv.net/news/evenement/disney-plus-streaming/359371-orange-is-the-new-black-que-devient-uzo-aduba-alias-suzanne-la-folle-dingue,Non,Non,Non
PrÃ¨s de 250 salariÃ©s ont dÃ©jÃ  profitÃ© du congÃ© respiration dâ€™Orange,"[Le travail se rÃ©invente 2/5] Depuis 2022, le groupe Orange propose Ã  ses collaborateurs de sâ€™absenter plusieurs mois de lâ€™entreprise afin de rÃ©aliser une expÃ©rience professionnelle dans une autre structure. PrÃ¨s de 250 d'entre eux en ont dÃ©jÃ  profitÃ© avec seulement deux dÃ©missions Ã  la clÃ©. AcheteurÂ [â€¦]Â Lire l'article",http://www.usinenouvelle.com/editorial/pres-de-250-salaries-ont-deja-profite-du-conge-respiration-d-orange.N2216424,Oui,Non,Oui
Bon plan emploi,"A Orange, la boulangerie-pÃ¢tisserie ""L'Artisane"" a des postes Ã  pourvoir rapidement.",https://www.francebleu.fr/emissions/le-bon-plan-emploi/bon-plan-emploi-6792292,Non,Non,Oui
Orange : 2 mois offerts sur toute la gamme Livebox pour la rentrÃ©e !,"Nouveau client Orange ? DÃ©couvrez les offres sur les Livebox : en ce moment, profitez de 2 mois offerts pour toute souscription.",https://www.generation-nt.com/actualites/box-fibre-forfait-orange-serie-speciale-livebox-up-max-pas-cher-2049837,Non,Non.,Oui
RhÃ´ne. Retour de vacances : une circulation toujours chargÃ©e ce dimanche sur l'A7,"Pour cet avant dernier week-end d'aoÃ»t, la circulation risque d'Ãªtre compliquÃ©eÂ sur l'autoroute A7, notammentÂ entre Lyon et Orange. Bison FutÃ© classe la journÃ©e de ceÂ dimanche 25 aoÃ»t en Â«Â orangeÂ Â» dans le sens des retours.",https://www.leprogres.fr/transport/2024/08/25/retour-de-vacances-une-circulation-toujours-chargee-ce-dimanche-sur-l-a7,Non.,Non.,Non
Routes des vacances : l'incendie d'un poids lourd provoque de fortes perturbations,"En cette journÃ©e rouge sur le retour des lieux de villÃ©giature, l'autoroute A9 qui relie Orange Ã  Perpignan, en passant par NÃ®mes, Montpellier, BÃ©ziers et Narbonne, connait de forts ralentissements. 
Les sapeurs-pompiers interviennent sur un feu de remorque de poids lourd au niveau de a commune de Villetelle, juste aprÃ¨s la sortie de Gallargues (Gard).",https://www.tf1info.fr/justice-faits-divers/trafic-autoroute-a9-routes-des-vacances-l-incendie-d-un-poids-lourd-provoque-des-perturbations-gallargues-2315895.html,Non,Non.,Non
MÃ©tropole de Lyon. Attaque dâ€™une boutique Orange Ã  MontÃ©limarÂ : des jeunes de la rÃ©gion lyonnaise recrutÃ©s sur les rÃ©seaux sociauxÂ ?,"Quatre jeunes hommes de la rÃ©gion lyonnaise sont soupÃ§onnÃ©s dâ€™avoir attaquÃ©, lundi 19Â aoÃ»t, la boutique Orange Ã  MontÃ©limar (DrÃ´me). Ã‚gÃ©s de 15 Ã  19 ans, ils auraient Ã©tÃ© recrutÃ©s surles rÃ©seaux sociaux.",https://www.leprogres.fr/faits-divers-justice/2024/08/22/attaque-d-une-boutique-orange-a-montelimar-des-jeunes-de-la-region-lyonnaise-recrutes-sur-les-reseaux-sociaux,Non,Non,Oui
"Orange. Ivre, elle attaque son mari au cou avec un morceau de tasse cassÃ©","Dimanche 18Â aoÃ»t, une femme de 65 ans a Ã©tÃ© envoyÃ©e en cellule de dÃ©grisement Ã  la suite dâ€™une dispute avec son mari.",https://www.ledauphine.com/faits-divers-justice/2024/08/21/ivre-elle-attaque-son-mari-au-cou-avec-un-morceau-de-tasse-casse,Non,Non.,Non
DrÃ´me. Attaque de la boutique Orange Ã  MontÃ©limar : quatre suspects Ã¢gÃ©s de 15 Ã  19 ans,Le plus jeune a 15 ans.,https://www.ledauphine.com/faits-divers-justice/2024/08/21/attaque-de-la-boutique-orange-a-montelimar-quatre-suspects-ages-de-15-a-19-ans,Non,Non,Oui
MontÃ©limar. La boutique Orange encore attaquÃ©e : chasse Ã  lâ€™homme pour intercepter les braqueurs,"La boutique Orange, situÃ©e route de Marseille, Ã  MontÃ©limar, a Ã©tÃ© la cible dâ€™un nouveau braquage, ce lundi 19 aoÃ»t au matin, peu avant 10 heures.",https://www.ledauphine.com/faits-divers-justice/2024/08/19/la-boutique-orange-encore-attaquee-chasse-a-l-homme-pour-intercepter-les-braqueurs,Non,Non.,Oui
Une panne Orange empÃªche des clients de lâ€™opÃ©rateur dâ€™utiliser leur tÃ©lÃ©phone Ã  lâ€™Ã©tranger,"En raison dâ€™un incident sur les services dâ€™itinÃ©rance de lâ€™opÃ©rateur, de nombreux abonnÃ©s ne peuvent plus se connecter au rÃ©seau lorsquâ€™ils se dÃ©placent en Europe. Cela concerne aussi bien les appels et SMS que la 4G et la 5G.",https://www.lefigaro.fr/secteur/high-tech/une-panne-orange-empeche-des-clients-de-l-operateur-d-utiliser-leur-telephone-a-l-etranger-20240816,Non,Non.,Oui
Vous Ãªtes abonnÃ© Orange et Ãªtes Ã  l'Ã©tranger ? Voici pourquoi vous avez du mal Ã  utiliser vos services mobiles,Orange connaÃ®t des soucis avec ses services de roaming. Certains de ses abonnÃ©s voyageant actuellement en Europe ont du mal Ã  utiliser leurs services mobiles.,https://www.clubic.com/actualite-534971-vous-etes-abonne-orange-et-etes-a-l-etranger-voici-pourquoi-vous-avez-du-mal-a-utiliser-vos-services-mobiles.html,Oui,Non,Oui
"Appels, internetâ€¦ Le rÃ©seau mobile Orange perturbÃ© dans certains pays europÃ©ens","Lâ€™entreprise Orange a annoncÃ© sur le rÃ©seau social X, anciennement Twitter, quâ€™un incident perturbe actuellement les services de roaming dans certains pays europÃ©ens, ce jeudi 15Â aoÃ»t.",https://www.ouest-france.fr/high-tech/numerique/appels-internet-le-reseau-mobile-orange-perturbe-dans-certains-pays-europeens-1f34656e-5b28-11ef-a277-648d7bcf43b0,Non,Non.,Oui
"4G, SMS, appelsâ€¦ la rÃ©seau mobile des abonnÃ©s Orange impossible dans certains pays Ã©trangers",,https://www.leparisien.fr/high-tech/4g-sms-appels-la-connexion-mobile-des-abonnes-orange-impossible-dans-certains-pays-etrangers-15-08-2024-Y566PDYAQ5COTLJQBGDBCMBMWY.php,Non,Non.,Oui
"Ligue 1 : DAZN va Ãªtre disponible sur Canal+, Orange, Free, SFR et Bouygues Telecom, mais sans promotion tarifaire !","Le nouveau diffuseur majeur de la Ligue 1, DAZN, a trouvÃ© des accords avec les quatre opÃ©rateurs tÃ©lÃ©coms mais aussi avec le groupe Canal, pour distribuer son offre. MÃªme chose pour beIN SPORTS.",https://www.clubic.com/actualite-534830-ligue-1-dazn-va-etre-disponible-sur-canal-orange-free-sfr-et-bouygues-telecom-mais-sans-promotion-tarifaire.html,Oui,Non,Oui
"Jean-FranÃ§ois Fallacher (Orange France) : Orange, leader des tÃ©lÃ©coms pendant ces JO - 14/08","Jean-FranÃ§ois Fallacher, directeur gÃ©nÃ©ral d'Orange France, Ã©tait l'invitÃ© de Laura Cambaud dans Good Morning Business, ce mercredi 14 aoÃ»t. Ils ont abordÃ© le bilan des Jeux olympiques de Paris avec Orange, le partenaire officiel et exclusif de l'Ã©vÃ©nement dans le domaine des tÃ©lÃ©communications, sur BFM Business. Retrouvez l'Ã©mission du lundi au vendredi et rÃ©Ã©coutez la en podcast.",https://www.bfmtv.com/economie/replay-emissions/good-morning-business/jean-francois-fallacher-orange-france-orange-leader-des-telecoms-pendant-ces-jo-14-08_VN-202408140185.html,Oui,Non,Oui
"Fibre, ADSL : quelle est la meilleure offre Internet fixe en 2024 ?","Choisir un abonnement internet peut rapidement devenir un vÃ©ritable casse-tÃªte. Avec la multitude de fournisseurs (Orange, SFR, Free, Bouygues, etc.), des offres qui Ã©voluent sans cesse, et des technologies dissimulÃ©es derriÃ¨re des termes techniques, il est facile de se sentir dÃ©passÃ©. Que vous ayez besoin d'une connexion optimale pour le streaming, le tÃ©lÃ©travail ou simplement pour surfer sur le Web sans lenteur, notre comparateur de box internet et notre FAQ mise Ã  jour vous guideront vers le choix idÃ©al.",https://www.numerama.com/tech/275660-adsl-fibre-vdsl-comment-bien-choisir-son-fai-et-son-abonnement-internet-fixe.html,Non,Non.,Non
Une importante panne touche les rÃ©seaux Orange et SFR dans le nord de la Somme,"Les rÃ©seaux tÃ©lÃ©phoniques Orange et SFR sont coupÃ©s ce mardi soir dans le nord de la Somme, dans le secteur de Doullens. Les appels aux secours sont Ã©galement perturbÃ©s, la prÃ©fecture invite Ã  faire le 112 et non le 18.",https://www.francebleu.fr/infos/societe/une-importante-panne-touche-les-reseaux-orange-et-sfr-dans-le-nord-de-la-somme-8374930,Non,Non.,Oui
Loire. Ils avaient braquÃ© la boutique OrangeÂ de Montbrison : 18 mois de prison ferme,"Le 2Â mars Ã  9Â hÂ 20, la boutique Orange de Montbrison Ã©tait braquÃ©e. 114 tÃ©lÃ©phones et du numÃ©raire Ã©taient volÃ©s. Trois individus, interpellÃ©s le 26Â juin, viennent dâ€™Ãªtre jugÃ©s.",https://www.leprogres.fr/faits-divers-justice/2024/08/06/ils-avaient-braque-la-boutique-orange-18-mois-de-prison-ferme,Non.,Non.,Oui
La connexion 5G de Bouygues Telecom flashÃ©e Ã  661 Mbit/s Ã  Paris pendant les JO de Paris,"Bouygues Telecom a Ã©tÃ© dÃ©signÃ© opÃ©rateur le plus rapide en tÃ©lÃ©chargement en 5G Ã  Paris pendant les Jeux olympiques, par un spÃ©cialiste des rÃ©seaux sans fil. Free et Orange ne sont pas si loin que Ã§a.",https://www.clubic.com/actualite-534338-la-connexion-5g-de-bouygues-telecom-flashee-a-661-mbit-s-a-paris-pendant-les-jo-de-paris.html,Non,Non.,Oui
Transports. ChassÃ©-croisÃ© : 150 km de bouchons sur l'A7 en ce samedi noir,"Il est l'heure des retours et des dÃ©parts en vacances. Pour ce week-end de chassÃ©-croisÃ©, la circulation sera difficile sur l'ensemble du territoire, notamment sur l'A7, entre Lyon et Orange. Bison FutÃ© classe Â« noir Â» la journÃ©e de ce samedi 3 aoÃ»t.",https://www.leprogres.fr/transport/2024/08/03/chasse-croise-vos-conditions-de-circulation-autour-de-lyon-en-ce-samedi-noir,Non,Non,Non
"Au thÃ©Ã¢tre antique dâ€™Orange, des comÃ©diens remplacent les audioguides pour le plus grand plaisir des visiteurs",,https://www.leparisien.fr/vaucluse-84/au-theatre-antique-dorange-des-comediens-remplacent-les-audioguides-pour-le-plus-grand-plaisir-des-visiteurs-02-08-2024-FCJ63OVDHRHPBPPUXO5QME47HY.php,Non,Non,Non
Les donnÃ©es mobiles chez Orange et SFR ont explosÃ© au moment du sacre de LÃ©on Marchand aux JO,"Le triple champion olympique LÃ©on Marchand fait exploser les compteurs des opÃ©rateurs Orange et SFR. Lors de ses deux sacres de mercredi, ils ont chacun enregistrÃ© un pic, record, de trafic mobile.",https://www.clubic.com/actualite-534174-les-donnees-mobiles-chez-orange-et-sfr-ont-explose-au-moment-du-sacre-de-leon-marchand-aux-jo.html,Non.,Non.,Oui
Jeux olympiques: LÃ©on Marchand fait exploser les compteurs de lâ€™opÃ©rateur Orange,"INFO LE FIGARO - Lâ€™opÃ©rateur tÃ©lÃ©coms, partenaire de lâ€™Ã©vÃ©nement, a enregistrÃ© un trafic record sur son rÃ©seau mobile mercredi lors des finales du nageur. La cÃ©rÃ©monie dâ€™ouverture a Ã©galement gÃ©nÃ©rÃ© un trafic particuliÃ¨rement dense.",https://www.lefigaro.fr/secteur/high-tech/jeux-olympiques-leon-marchand-fait-exploser-les-compteurs-de-l-operateur-orange-20240801,Non,Non.,Oui
"""Jâ€™ai peur pour la santÃ© de ma cliente""Â : le cas de la secrÃ©taire dâ€™Orange, au placard depuis 20 ans, nâ€™est toujours pas rÃ©gularisÃ©","PayÃ©e Ã  ne rien faire depuis 2004, elle a dÃ©posÃ©Â plainte contre Orange et plusieurs de ses dirigeants. Son avocat appelle lâ€™opÃ©rateur Ã  ""rÃ©tablir la dignitÃ© de sa cliente"".",https://www.ladepeche.fr/2024/08/01/jai-peur-pour-la-sante-de-ma-cliente-le-cas-de-la-secretaire-dorange-au-placard-depuis-20-ans-nest-toujours-pas-regularise-12113440.php,Non,Non,Oui
"Orange. Â« Toute la famille est inquiÃ¨te Â» : disparition dâ€™un jeune pÃ¨re de famille, une enquÃªte ouverte","Habitant dâ€™Orange depuis quelques mois, Christopher nâ€™a plus donnÃ© signe de vie Ã  son entourage depuis le 19Â juillet. Son frÃ¨re tÃ©moigne de son angoisse et ne souhaite que de le retrouver au plus vite alors que la police enquÃªte.",https://www.ledauphine.com/faits-divers-justice/2024/07/31/toute-la-famille-est-inquiete-disparition-d-un-jeune-pere-de-famille-une-enquete-ouverte,Non,Non.,Non
Orange perd moins d'abonnÃ©s Livebox,"La perte globale d'abonnÃ©s Livebox n'est pas enrayÃ©e pour Orange en France, mÃªme si elle s'attÃ©nue. Sosh attire du monde sur le mobile.",https://www.generation-nt.com/actualites/livebox-orange-resultats-france-2049256,Oui,Non.,Oui
Braquage du Orange de BoÃ©Â : des interpellations ont eu lieu dans la Creuse,"Une partie des braqueurs du magasin Orange de BoÃ© a Ã©tÃ© interpellÃ©e samedi 13Â juillet aprÃ¨s avoir commis un vol Ã  main armÃ©e dans une boutique de tÃ©lÃ©phonie Ã  GuÃ©ret, dans la Creuse.",https://www.ladepeche.fr/2024/07/26/braquage-du-orange-de-boe-des-interpellations-ont-eu-lieu-dans-la-creuse-12104762.php,Non,Non.,Oui
"Calvados: 300 mÃ¨tres de cÃ¢bles en cuivre dÃ©robÃ©s prÃ¨s de Caen, une plainte dÃ©posÃ©e","Un vol de cÃ¢bles en cuivre s'est produit dans le Calvados, dans la nuit de mercredi 24 juillet Ã  jeudi 25 juillet. Les connexions de 226 clients sont affectÃ©es. Une plainte a Ã©tÃ© dÃ©posÃ©e par Orange.",https://www.bfmtv.com/normandie/calvados-300-metres-de-cables-en-cuivre-derobes-pres-de-caen-une-plainte-deposee_AN-202407250688.html,Non,Non.,Oui
Orange rÃ©alise un bon premier semestre portÃ© par des augmentations de prix ciblÃ©es,"Lâ€™opÃ©rateur franÃ§ais vient de publier un chiffre dâ€™affaires semestriel de 19,83 milliards dâ€™euros, en lÃ©gÃ¨re hausse de 1,5%, et parvient enfin Ã  stabiliser sa rentabilitÃ©. Une bonne situation financiÃ¨re qui sâ€™explique surtout par des augmentations de prix face Ã  lâ€™inflation, moins gÃ©nÃ©rales mais davantage ciblÃ©es. Orange annonce aussi entrer en nÃ©gociations exclusives pour la crÃ©ation dâ€™un vÃ©hicule commun sur les rÃ©seaux fibre en Espagne avec Vodafone.",https://www.usine-digitale.fr/editorial/orange-realise-un-bon-premier-semestre-porte-par-des-augmentations-de-prix-ciblees.N2216653,Oui,Non.,Oui
"Lebara, l'opÃ©rateur Ã  petits prix, dit ""au revoir"" Ã  Orange, bascule sur le rÃ©seau SFR et propose enfin la 5G","L'opÃ©rateur mobile virtuel Lebara France a choisi de basculer, dÃ¨s jeudi, sur le rÃ©seau SFR et en 5G pour la couverture mobile de ses clients. Jusqu'Ã  maintenant, il passait par celui d'Orange.",https://www.clubic.com/actualite-533634-lebara-operateur-a-petits-prix-dit-au-revoir-a-orange-bascule-sur-le-reseau-sfr-et-propose-enfin-la-5G.html,Non,Non.,Oui
"Paris 2024 - Football. Real Madrid, hÃ©roÃ¯ne de la finale d'un Euro... Cinq choses Ã  savoir sur la Vauclusienne MaÃ«lle Lakrar","SÃ©lectionnÃ©e par HervÃ© Renard en Ã©quipe de France pour le tournoi olympique, MaÃ«lle Lakrar va dÃ©couvrir les JO Ã  Paris. Voici cinq choses Ã  savoir sur la joueuses originaire d'Orange avant le premier match des Bleues ce jeudi (21h) contre la Colombie.",https://www.ledauphine.com/jeux-olympiques/2024/07/25/real-madrid-heroine-de-la-finale-d-un-euro-cinq-choses-a-savoir-sur-la-vauclusienne-maelle-lakrar,Non.,Non,Non
Orange et Vodafone comptent mutualiser leurs rÃ©seaux Internet fixes en Espagne,"Les deux cadors des tÃ©lÃ©coms entendent crÃ©er une sociÃ©tÃ© qui accueillera une partie de leurs rÃ©seaux Internet fixes respectifs de lâ€™autre cÃ´tÃ© des PyrÃ©nÃ©es. Celle-ci couvrira environ 11,5 millions de locaux. Orange Espagne en dÃ©tiendra 50%, contre 10% pour Vodafone Spain. Son capital sera ouvert Ã  un Â« partenaire financier Â», probablement un fonds dâ€™infrastructures, Ã  hauteur de 40%.",https://www.latribune.fr/technos-medias/telecoms/orange-et-vodafone-comptent-mutualiser-leurs-reseaux-internet-fixes-en-espagne-1003001.html,Oui,Non,Oui
Orange se stabilise grÃ¢ce Ã  l'Afrique et le Moyen-Orient,"Le groupe franÃ§ais de TÃ©lÃ©coms a publiÃ© des rÃ©sultats stables au premier semestre. Mais ce sont surtout l'Afrique et le Moyen-Orient qui ont tirÃ© les performances du groupe, alors que les ventes ont affichÃ© un coup de mou en Europe.",https://www.latribune.fr/technos-medias/telecoms/orange-se-stabilise-grace-a-l-afrique-et-le-moyen-orient-1002975.html,Oui,Non.,Oui
Orange poursuit sa course de fond pour consolider ses positions,"Lâ€™opÃ©rateur tÃ©lÃ©coms historique publie un chiffre dâ€™affaires trimestriel en lÃ©gÃ¨re hausse, Ã  19,4 milliards dâ€™euros.",https://www.lefigaro.fr/secteur/high-tech/orange-poursuit-sa-course-de-fond-pour-consolider-ses-positions-20240724,Oui,Non.,Oui
Orange confirme ses objectifs annuels aprÃ¨s des rÃ©sultats en hausse,"Le groupe de tÃ©lÃ©coms a enregistrÃ© une progression de son principal indicateur de rentabilitÃ© de 3,7% au premier semestre, conformÃ©ment aux attentes des analystes.",https://www.agefi.fr/news/entreprises/orange-confirme-ses-objectifs-annuels-apres-des-resultats-en-hausse,Oui,Non.,Oui
"Sosh : forfait mobile 100 Go Ã  moins de 10 â‚¬, la filiale low cost d'Orange n'a jamais fait mieux !","Les opÃ©rateurs se livrent actuellement Ã  une vÃ©ritable guerre des prix, pour le plus grand bonheur des futurs clients. Aujourd'hui, focus sur l'excellente offre de Sosh, avec 100 Go Ã  moins de 10 â‚¬ et sur le meilleur rÃ©seau mobile Ã  savoir celui d'Orange !",https://www.generation-nt.com/actualites/forfait-mobile-sosh-100-go-2049212,Non,Non,Oui
Ce forfait Sosh de 100 Go avec le rÃ©seau Orange est Ã  moins de 10 â‚¬/mois,"[Deal du jour] Sosh, lâ€™opÃ©rateur low-cost dâ€™Orange, propose des forfaits intÃ©ressants pour les vacances d'Ã©tÃ©, dont le forfait mobile 100 Go Ã  moins de 10 â‚¬ par mois. Une bonne offre pour un forfait Ã©quilibrÃ©, avec 20 Go de donnÃ©es 4G Ã  utiliser en Europe.",https://www.numerama.com/tech/1779436-ce-forfait-sosh-de-100-go-avec-le-reseau-orange-est-a-moins-de-10-e-mois.html,Non,Non.,Oui
Orange TV arrive sur Android et Apple TV â€¦ faut-il se dÃ©barrasser du dÃ©codeur ?,"En bÃªta depuis quelques mois, lâ€™application Orange TV est dÃ©sormais disponible en version finale sur Android TV et Apple TV. Quâ€™est-ce que Ã§a change vraiment pour les abonnÃ©s aux services dâ€™Orange ? On vous rÃ©sume Ã§a dans les lignes qui suivent.",https://www.clubic.com/actualite-533355-orange-tv-arrive-sur-android-et-apple-tv-faut-il-se-debarrasser-du-decodeur.html,Non.,Non.,Oui
L'application Orange TV dÃ©barque sur Android et Apple TV,Le dÃ©but de l'Ã¨re post-dÃ©codeur TV chez OrangeÂ ? L'application Orange TV signe son arrivÃ©e sur Android TV et Apple TV.,https://www.generation-nt.com/actualites/orange-tv-application-android-apple-tvos-2049158,Non,Non,Oui
Orange arrive sur Apple TV pour regarder la TV sans dÃ©codeur,L'application Orange TV est disponible sur Apple TV et Android TV. Il faudra en revanche payer 5 euros par mois pour bÃ©nÃ©ficier du service. ,https://www.bfmtv.com/tech/actualites/telecoms/orange-arrive-sur-apple-tv-pour-regarder-la-tv-sans-decodeur_AV-202407220396.html,Non,Non.,Oui
JO/Cyber : Atos et Orange sur le pied de guerre,La derniÃ¨re panne informatique mondiale est une piqÃ»re de rappel pour Atos et Orange. Les deux groupes franÃ§ais n'ont pas le droit Ã  l'erreur pour assurer la sÃ©curitÃ© informatique des Jeux Olympiques.,https://www.bfmtv.com/economie/jo-cyber-atos-et-orange-sur-le-pied-de-guerre_VN-202407220141.html,Oui,Non,Oui
"ValorantÂ : deuxiÃ¨me titre consÃ©cutif pour Fnatic, vainqueur de Vitality Ã  Berlin","Fnatic a remportÃ© ce samedi Ã  Berlin le Stage 2 du VCT EMEA, l'Ã©lite rÃ©gionale de Valorant. DÃ©jÃ  laurÃ©ats du premier segment de l'annÃ©e en mai dernier, les Orange et Noir ont cette fois dominÃ© Vitality en finale, sur le score de 3-1.",https://www.lequipe.fr/Esport/Actualites/Valorant-deuxieme-titre-consecutif-pour-fnatic-vainqueur-de-vitality-a-berlin/1484006,Non,Non.,Non
"Splendide, câ€™est le nom de ce forfait 5G 130 Go Ã  moins de 10 â‚¬/mois, et câ€™est vraiment splendide","[Deal du jour] Les soldes dâ€™Ã©tÃ© se font aussi sur les forfaits, comme chez YouPrice qui propose un trÃ¨s bon forfait sur le rÃ©seau Orange, avec 130 Go de data en 5G, Ã  moins de 10 â‚¬ par mois. Un prix imbattable pour les soldes.",https://www.numerama.com/tech/1778178-splendide-cest-le-nom-de-ce-forfait-5g-130-go-a-moins-de-10-e-mois-et-cest-vraiment-splendide.html,Non,Non.,Oui
"""Quand on joue avec la personne quâ€™on aime on a un double stress""Â : le couple star de lâ€™opÃ©ra, Roberto Alagna et Aleksandra Kurzak, se confie","La soprano polonaise Aleksandra Kurzak et le tÃ©nor franco-italien Roberto Alagna se produisent pour la premiÃ¨re fois ensemble en France dans une Tosca en version concert aux ChorÃ©gies dâ€™Orange, ce 22Â juillet, pour...",https://www.midilibre.fr/2024/07/21/quand-on-joue-avec-la-personne-quon-aime-on-a-un-double-stress-le-couple-star-de-lopera-roberto-alagna-et-aleksandra-kurzak-se-confie-12090204.php,Non,Non,Non
A quoi sert cette mystÃ©rieuse â€œvoiture hÃ©rissonâ€ qui a circulÃ© dÃ©but juillet dans les rues des Sables-dâ€™Olonne ?,"DÃ©veloppÃ©e par la sociÃ©tÃ© franÃ§aise de tÃ©lÃ©communications Orange, une voiture hÃ©risson sâ€™est promenÃ©e dans les rues des Sables dâ€™Olonne pour y tester le rÃ©seau en centre ville et sur le remblai.",https://www.science-et-vie.com/nature-et-environnement/a-quoi-sert-cette-mysterieuse-voiture-herisson-qui-a-circule-debut-juillet-dans-les-rues-des-sables-dolonne-172424.html,Non,Non.,Oui
DÃ©couvrez l'Ã©lÃ©gance et la richesse des vins ChÃ¢teauneuf-du-Pape,"Entre Avignon et Orange, s'Ã©tend le prestigieux vignoble de ChÃ¢teauneuf-du-Pape, un terroir unique de 3200 hectares produisant des vins d'exception depuis des siÃ¨cles. SituÃ©e au cÅ“ur de la vallÃ©e du RhÃ´ne, cette appellation est renommÃ©e pour ses vins rouges puissants et ses vins blancs aromatiques. La VinothÃ¨que de Bordeaux vous invite Ã  explorer ces trÃ©sors vinicoles et Ã  les dÃ©couvrir depuis chez vous grÃ¢ce Ã  leur sÃ©lection en ligne.",https://www.latribune.fr/supplement/decouvrez-l-elegance-et-la-richesse-des-vins-chateauneuf-du-pape-1002652.html,Non,Non.,Non
"Julien Gaona, le crÃ©ateur du Positiv'Festival Ã  Orange, fier du patrimoine historique du Vaucluse.","Julien est nÃ© ici, sur des terres qu'il admire et dont il est fier. La culture est sa raison de vivre.",https://www.francebleu.fr/emissions/enfant-du-pays/julien-gaona-le-createur-du-positiv-festival-a-orange-fier-du-patrimoine-historique-du-vaucluse-4591219,Non,Non,Non
"Câ€™est dans le Vaucluse, que lâ€™on trouve les ChorÃ©gies dâ€™Orange, le plus ancien festival de France","Du 14 juin au 22 juillet, le Vaucluse vibre au rythme de la musique lyrique avant les ChorÃ©gies dâ€™Orange.
CrÃ©Ã© en 1869, il sâ€™agit du plus ancien festival franÃ§ais.
Le ""Mur"" de scÃ¨ne du ThÃ©Ã¢tre antique dans lequel il se tient confÃ¨re au son une puretÃ© et une qualitÃ© incroyable.",https://www.tf1info.fr/culture/c-est-dans-le-vaucluse-que-l-on-trouve-les-choregies-d-orange-le-plus-ancien-festival-de-france-2308750.html,Non,Non.,Non
Comment Orange se prÃ©pare pour les Jeux olympiques,"Comment Orange se prÃ©pare pour les Jeux olympiques

Orange sera l'unique opÃ©rateur en charge du trafic mobile et des flux de donnÃ©es pour les JO de Paris 2024. Un challenge Ã©norme, l'Ã©quivalent de ""32 Coupes du monde de foot en mÃªme temps"".",https://www.bfmtv.com/economie/comment-orange-se-prepare-pour-les-jeux-olympiques_VN-202407150162.html,Oui,Non.,Oui
"Câ€™est le retour de la Box Internet Sosh Ã  moins de 16 â‚¬/mois, la fibre la plus abordable du marchÃ©","[Deal du jour] Si vous nâ€™Ãªtes toujours pas passÃ© Ã  la fibre ou si vous souhaitez Ã©conomiser sur votre abonnement, Sosh, lâ€™opÃ©rateur low cost dâ€™Orange, propose la fibre la moins chÃ¨re sur le marchÃ©. La BoÃ®te Sosh revient en effet Ã  moins de 16 â‚¬ par mois.",https://www.numerama.com/tech/1773306-cest-le-retour-de-la-box-internet-sosh-a-moins-de-16-e-mois-la-fibre-la-plus-abordable-du-marche.html,Non,Non.,Oui
"Tour de France en AriÃ¨geÂ : ""Câ€™Ã©tait un gros challenge"", le dÃ©fi technique dâ€™une arrivÃ©e au Plateau de Beille","Câ€™est un vÃ©ritable village qui va sâ€™installer au Plateau de Beille le 14Â juillet. Entre la mise en place des nombreux camions et la crÃ©ation dâ€™un rÃ©seau fibre, les responsables du Tour de France et dâ€™Orange ont relevÃ©...",https://www.ladepeche.fr/2024/07/11/tour-de-france-en-ariege-cetait-un-gros-challenge-le-defi-technique-dune-arrivee-au-plateau-de-beille-12071228.php,Non.,Non.,Oui
VIDÃ‰O - Six sÃ©pultures du NÃ©olithique dÃ©couvertes Ã  Orange,"Des archÃ©ologues procÃ¨dent Ã  des fouilles depuis bientÃ´t deux mois le long du tracÃ© de la future dÃ©viation Ã  Orange, dans le champs d'un agriculteur. Ils trouvÃ© six sÃ©pultures datant du NÃ©olithique, soit environ 3000 ans avant J-C, au lieu dit la Baussenque.",https://www.francebleu.fr/culture/patrimoine/video-six-sepultures-du-neolithique-decouvertes-a-orange-1303868,Non.,Non.,Non
RÃ©seau mobile: voici l'opÃ©rateur qui propose le meilleur dÃ©bit,"Orange, qui mise sur un rÃ©seau bien supÃ©rieur Ã  ses concurrents, n'est plus tout Ã  fait le meilleur opÃ©rateur dans le dernier baromÃ¨tre nPerf.",https://www.bfmtv.com/tech/actualites/telecoms/reseau-mobile-voici-l-operateur-qui-propose-le-meilleur-debit_AV-202407100385.html,Non,Non.,Oui
Good Evening Business : Partie 1 - 09/07,"Ce mardi 9 juillet, Jean-Baptiste Huet, envoyÃ© spÃ©cial BFM Business, Thomas Sasportas, journaliste BFM Business, Ã‰tienne Bracq, journaliste BFM Business, Christel Heydemann, directrice gÃ©nÃ©rale du groupe Orange, FrÃ©dÃ©ric Simottel, Ã©ditorialiste Tech, Pascal de Lima, chef Ã©conomiste chez CGI Business Consulting, et LÃ©onidas Kalogeropoulos, PDG de MÃ©diation & Arguments et fondateur, Ã©taient les invitÃ©s dans la premiÃ¨re partie de l'Ã©mission Good Evening Business prÃ©sentÃ©e par Guillaume Paul et Audrey Tcherkoff. Good Evening Business est Ã  voir ou Ã©couter du lundi au jeudi sur BFM Business.",https://www.bfmtv.com/economie/replay-emissions/good-evening-business/good-evening-business-partie-1-09-07_VN-202407090749.html,Non,Non,Oui
"Christel Heydemann (Orange) : ""Orange n'est pas plus cher"" - 09/07","Ce mardi 9 juillet, Christel Heydemann, directrice gÃ©nÃ©rale du groupe Orange, a abordÃ© sa feuille de route, la stratÃ©gie d'Orange face au climat politique franÃ§ais, Ã  ses concurrents et Ã  la guerre des prix, ses prÃ©paratifs pour les JO et l'Ã©tat des tÃ©lÃ©coms dans l'UE, dans La grande interview dans l'Ã©mission Good Evening Business prÃ©sentÃ©e par Hedwige Chevrillon. Good Evening Business est Ã  voir ou Ã©couter du lundi au jeudi sur BFM Business.",https://www.bfmtv.com/economie/replay-emissions/good-evening-business/christel-heydemann-orange-orange-n-est-pas-plus-cher-09-07_VN-202407090728.html,Oui,Non.,Oui
"""L'Everest des tÃ©lÃ©coms"": comment Orange se prÃ©pare Ã  la cÃ©rÃ©monie d'ouverture des Jeux olympiques","L'opÃ©rateur franÃ§ais sera seul pour couvrir l'ensemble des JO de Paris, depuis la cÃ©rÃ©monie jusqu'Ã  la clÃ´ture. ""Un challenge"" reconnait sa patronne Christel Heydemann sur BFM Business.",https://rmcsport.bfmtv.com/jeux-olympiques/business/l-everest-des-telecoms-comment-orange-se-prepare-a-la-ceremonie-d-ouverture-des-jeux-olympiques_AN-202407090504.html,Non,Non.,Oui
"Orange, opÃ©rateur majeur des JO","Orange, opÃ©rateur majeur des JO

Orange sera le seul opÃ©rateur des JO de Paris 2024

Christel Heydemann, directrice gÃ©nÃ©rale d'Orange
Hedwige Chevrillon",https://www.bfmtv.com/economie/orange-operateur-majeur-des-jo_VN-202407090699.html,Oui,Non (le fait que Orange sera l'opÃ©rateur des JO de Paris 2024 n'est pas pertinent pour l'entreprise).,Oui
Christel Heydemann est l'invitÃ©e de La Grande Interview,"Christel Heydemann est l'invitÃ©e de La Grande Interview

Christel Heydemann, directrice gÃ©nÃ©rale d'Orange, est l'invitÃ©e de La Grande Interview d'Hedwige Chevrillon",https://www.bfmtv.com/economie/christel-heydemann-est-l-invitee-de-la-grande-interview_VL-202407090693.html,Non.,Non.,Oui
Comment Orange Business incube ses innovations au stade VÃ©lodrome,"""Lâ€™Orange 5G Lab"" utilise le stade de lâ€™Olympique de Marseille comme une plateforme dâ€™expÃ©rimentation et dâ€™innovation. Exemplesâ€¦",https://www.usine-digitale.fr/article/comment-orange-business-incube-ses-innovations-au-stade-velodrome.N2215929,Oui,Non.,Oui
"Meilleurs dÃ©bits de l'Internet mobile : il y a match entre Orange, SFR et Bouygues Telecom","Bouygues Telecom, SFR et Orange ont proposÃ© Ã  leurs abonnÃ©s les meilleures performances globales de l'Internet mobile sur les six premiers mois de l'annÃ©e, selon le baromÃ¨tre nPerf publiÃ© lundi. Free est plus en retrait.",https://www.clubic.com/actualite-531822-meilleurs-debits-de-l-internet-mobile-il-y-a-match-entre-orange-sfr-et-bouygues-telecom.html,Oui.,Non.,Oui
Qui sont les opÃ©rateurs qui offrent la 5G gratuitement en France ?,"Cet Ã©tÃ©, plusieurs opÃ©rateurs ont dÃ©cidÃ© d'intÃ©grer gratuitement la 5G dans leurs forfaits. C'est le cas d'Orange, qui propose une opÃ©ration Jeux olympiques, ou de SFR, qui a annoncÃ© que la 5G serait dÃ©sormais gratuite pour tout le monde. Free avait Ã©tÃ© le premier Ã  l'intÃ©grer dÃ¨s 2020.",https://www.numerama.com/tech/1772226-qui-sont-les-operateurs-qui-offrent-la-5g-gratuitement-en-france.html,Non.,Non,Oui
"Comment recevoir France 2 UHD, la chaÃ®ne qui va diffuser les Jeux olympiques de Paris en 4K ?","LancÃ©es sous la forme d'une expÃ©rimentation en janvier 2024, les chaÃ®nes France 2 UHD et France 3 UHD propulsent le service public dans l'Ã¨re de la 4K, avec une diffusion native de certains programmes et de l'upscaling le reste du temps. Tous les opÃ©rateurs (Orange, Free, SFR, Bouyguesâ€¦) la proposeront pendant les JO.",https://www.numerama.com/tech/1771686-comment-recevoir-france-2-uhd-la-chaine-qui-va-diffuser-les-jeux-olympiques-de-paris-en-4k.html,Non,Non.,Oui
"Les prix des forfaits mobiles sont en baisse : Free, Orange, SFR, Bouygues Telecomâ€¦ quels sont les moins chersÂ ?","Le moment est peut-Ãªtre venu de changer dâ€™opÃ©rateur de tÃ©lÃ©phonie mobile, car le prix des forfaits est en chute libre. La DÃ©pÃªche vous aide Ã  faire votre choix.",https://www.ladepeche.fr/2024/07/05/free-orange-sfr-bouygues-telecom-les-prix-des-forfaits-mobiles-sont-en-baisse-quels-sont-les-moins-chers-12060580.php,Non,Non.,Oui
"YouPrice : le forfait Incroyable 140 Go 5G sur rÃ©seau Orange Ã  9,99 â‚¬ pour une durÃ©e limitÃ©e !",Vous cherchez un forfait mobile gÃ©nÃ©reux avec la 5G incluse Ã  un prix abordable ? Profitez vite de l'offre YouPrice sur son forfait l'Incroyable de 140 Go Ã  moins de 10 euros et sur rÃ©seau Orange !,https://www.generation-nt.com/actualites/forfait-mobile-youprice-140-go-5g-reseau-orange-sfr-pas-cher-2048660,Non,Non.,Oui
Haut dÃ©bit en Haute BigorreÂ : le basculement du cuivre vers la fibre approche Ã  grands pas,"Le dÃ©ploiement de la fibre trÃ¨s haut dÃ©bit touche bientÃ´t Ã  sa fin dans les Hautes-PyrÃ©nÃ©es. Avec plus de 90Â % des logements dÃ©jÃ  Ã©ligibles (100Â % dâ€™ici fin 2024), Orange va remplir son contrat dans le dÃ©lai...",https://www.ladepeche.fr/2024/07/03/haut-debit-en-haute-bigorre-le-basculement-du-cuivre-vers-la-fibre-approche-a-grands-pas-12055451.php,Non,Non.,Oui
"Vous ne rÃªvez pas, ce forfait 5G 140 Go sur le rÃ©seau Orange est Ã  moins de 10 â‚¬ par mois","[Deal du jour] Les soldes d'Ã©tÃ© se font aussi sur les forfaits. Lâ€™opÃ©rateur virtuel YouPrice propose un trÃ¨s bon forfait sur le rÃ©seau Orange, avec 140 Go de data en 5G, Ã  moins de 10 â‚¬ par mois. Un prix imbattable pour un forfait gÃ©nÃ©reux.",https://www.numerama.com/tech/1770090-vous-ne-revez-pas-ce-forfait-5g-140-go-sur-le-reseau-orange-est-a-moins-de-10-e-par-mois.html,Non,Non.,Oui
"Ouragan BÃ©ryl : en images, les effets collatÃ©raux en Martiniqueâ€¦ les vigilances sont maintenues par MÃ©tÃ©o France","L'ouragan BÃ©ryl de catÃ©gorie 4 se trouve Ã  cette heure en mer des CaraÃ¯bes, aprÃ¨s que son centre a traversÃ© Carriacou, aux Grenadines. ""Bien qu'il soit situÃ© Ã  environ 200 kilomÃ¨tres de la Martinique, des bandes pluvieuses ont circulÃ© sur notre Ã®le, en donnant des inondations par endroits"" signale MÃ©tÃ©o France. Les vigilances Orange pour ""vagues-submersion"" et Jaune pour ""fortes pluies, orages et Vents violents"" sont toujours en vigueur en fin de journÃ©e.",https://la1ere.francetvinfo.fr/martinique/ouragan-beryl-en-images-les-effets-collateraux-en-martinique-les-vigilances-sont-maintenues-par-meteo-france-1502264.html,Non,Non,Non
"Â«Â Orange mÃ©caniqueÂ Â», les malheurs dâ€™Alex","PortÃ©e par la virtuositÃ© et lâ€™ironie de Stanley Kubrick, cette fable dâ€™anticipation seventies encapsule toutes les violences du XXe siÃ¨cle. Ce soir Ã  22h50 sur Arte.",https://www.nouvelobs.com/teleobs/20240701.OBS90518/orange-mecanique-les-malheurs-d-alex.html,Non,Non.,Non
Sosh lance 2 nouveaux forfaits mobiles trÃ¨s intÃ©ressants !,"DÃ©cidÃ©ment, les opÃ©rateurs mobiles ont dÃ©cidÃ© de relancer la guerre des prix et des nouveautÃ©s sur un marchÃ© plutÃ´t calme ces derniers mois. Sosh lance ainsi deux nouveaux forfaits mobiles trÃ¨s bien positionnÃ©s, utilisant l'excellent rÃ©seau mobile sans limitation de sa maison mÃ¨re Orange.",https://www.generation-nt.com/actualites/forfait-mobile-sosh-2048555,Oui,Non.,Oui
Comment activer la 5G gratuite sur son forfait Orange ou Sosh ?,"Jusqu'au 8 septembre, Orange offre gratuitement la 5G Ã  ses clients 4G. L'opÃ©rateur a mis en ligne un formulaire pour rÃ©clamer l'activation de la 5G sur son smartphone manuellement.",https://www.numerama.com/tech/1768778-comment-activer-la-5g-gratuite-sur-son-forfait-orange-ou-sosh.html,Non,Non.,Oui
"IsÃ¨re. AprÃ¨s les intempÃ©ries, le rÃ©seau tÃ©lÃ©coms en partie rÃ©tabli dans la vallÃ©e du VÃ©nÃ©on","Ã€ la suite des intempÃ©ries qui ont ravagÃ© la vallÃ©e du VÃ©nÃ©on la semaine derniÃ¨re, au maximum de la crise, dâ€™aprÃ¨s lâ€™opÃ©rateur de tÃ©lÃ©phonie Orange, prÃ¨s de 200 personnes Ã©taient privÃ©es de tÃ©lÃ©phone fixeÂ ; mobileÂ ; dâ€™internet ou les trois Ã  la fois. Plusieurs techniciens sont intervenus pour rÃ©tablir la connectivitÃ©. Des solutions provisoires ont Ã©tÃ© apportÃ©es, mais le secteur reste sous surveillance.",https://www.ledauphine.com/environnement/2024/06/28/apres-les-intemperies-le-reseau-telecoms-en-partie-retabli-dans-la-vallee-du-veneon,Non,Non.,Oui
DÃ©marchage tÃ©lÃ©phoniqueÂ : cette nouvelle app iPhone vous en dÃ©barrasse enfin pour de bon,"DÃ©passant les limites de l'application d'Orange censÃ© bloquer les numÃ©ros indÃ©sirables, une application alternative pourrait bien enfin Ãªtre une solution dÃ©finitive contre ces appels nÃ©fastes. On vous explique tout.",https://www.presse-citron.net/?p=615190,Non,Non.,Non
